system:index,AGENCY,ALARM_DATE,CAUSE,COMMENTS,CONT_DATE,C_METHOD,DtCrrnt,FID_joined,FIRE_NAME,FIRE_NUM,GISAcrs,GIS_ACRES,INC_NUM,OBJECTI,OBJECTIVE,REPORT_AC,STATE,Shape_Area,Shape_Leng,UNIT_ID,YEAR_,YEAR_num,histogram,source,.geo
00000000000000000466,CCO,1183791600000,14,,,0,,0,CANYON,00148415,0.0,743.48,00148415,0,1,743.0,CA,3008756.59234,12308.8669532,LAC,2007,2007,"{71=486.1098039215685, 23=21.470588235294112, 24=0.1843137254901961, 22=78.41176470588232, 21=38.968627450980385, 52=2717.4784313725495}",,
000000000000000005b5,BLM,1165564800000,11,,1165651200000,1,,0,MCKITTRICK,0000C80N,0.0,301.515,00004139,0,1,301.0,CA,1220187.22303,7539.39126597,BBD,2006,2006,"{21=77.66666666666664, 71=1243.8862745098038, 52=33.850980392156856}",,
0000000000000000062d,BLM,1152601200000,9,,1152601200000,1,,0,BECK,0000CX4M,0.0,1668.11,00162110,0,1,1669.5,CA,6750588.63108,17409.9440163,BBD,2006,2006,"{71=6905.619607843141, 21=482.40392156862737, 52=111.32941176470588, 31=0.9529411764705882}",,
00000000000000000652,BLM,1160550000000,9,,1160550000000,1,,0,CUYAMA,0000C7WE,0.0,925.705,00163721,0,1,925.0,CA,3746196.79175,13711.9591263,BBD,2006,2006,"{21=111.12941176470586, 71=4024.360784313727, 52=26.40392156862745}",,
00000000000000000479,BLM,,1,,1175842800000,1,,0,WALKER,00000622,0.0,794.124,00000622,0,1,793.3,CA,3213705.87038,11111.0891432,BBD,2007,2007,"{21=52.36862745098039, 52=3518.0941176470587}",,
0000000000000000047a,BLM,1184914800000,9,,1182582000000,1,,0,BROWN,00001504,0.0,1430.32,00001504,0,1,84.7,CA,5788288.83312,16089.6050923,BBD,2007,2007,"{82=582.0549019607844, 71=5723.349019607843, 23=15.529411764705882, 22=42.87058823529412, 21=66.67058823529412}",,
00000000000000000495,BLM,1181026800000,4,,1181286000000,1,,0,INKOPAH,00006518,0.0,698.972,00006518,0,1,1118.0,CA,2784928.7245,9506.89168962,CDD,2007,2007,"{71=133.04705882352943, 82=75.0, 21=105.65882352941176, 22=10.0, 43=6.0, 52=2379.6392156862753, 31=384.55686274509804}",,
0000000000000000057c,CCO,1156489200000,14,,1156489200000,1,,0,POPPY FIRE,00184014,0.0,372.115,00184014,0,1,372.0,CA,1505897.84298,7130.50739556,LAC,2006,2006,"{71=5.4980392156862745, 21=25.352941176470587, 95=0.16862745098039217, 52=1642.0823529411753}",,
000000000000000005af,CCO,1152428400000,9,,1152687600000,1,,0,ARCO,00619153,0.0,698.128,KRN19153,0,1,698.132628186,CA,2825223.7093,9389.07299444,KRN,2006,2006,"{71=1541.4117647058831, 22=19.57254901960784, 23=4.992156862745097, 42=153.5921568627451, 43=166.91372549019607, 21=84.21176470588235, 52=1168.1176470588239}",,
000000000000000005b3,CCO,1154588400000,10,"KRN costs only, excluding straight time costs",1154588400000,1,,0,ANNETTE,00622511,0.0,1432.38,KRN22511,0,1,1432.34895063,CA,5796633.62168,14908.1928756,KRN,2006,2006,"{82=221.76470588235296, 71=6075.690196078436, 23=0.2235294117647059, 21=79.38039215686275, 31=63.0}",,
0000000000000000067a,CCO,1148626800000,2,"KRN costs only, excluding straight time costs",1148713200000,1,,0,ENERGY,00614126,0.0,779.998,KRN14126,0,1,779.998225946,CA,3156538.43083,11548.8830649,KRN,2006,2006,"{71=871.905882352941, 23=3.2274509803921565, 42=41.73725490196078, 22=15.545098039215688, 21=51.41960784313724, 52=2522.925490196078}",,
0000000000000000067b,CCO,1149404400000,9,"KRN costs only, excluding straight time costs",1149404400000,1,,0,DEVIL,00615092,0.0,1090.19,KRN15092,0,1,1090.1771126,CA,4411835.46462,12583.0808887,KRN,2006,2006,"{71=4830.909803921573, 82=6.003921568627449, 21=0.058823529411764705, 22=0.7333333333333334, 52=22.337254901960783, 11=2.6745098039215685, 31=38.87450980392157}",,
00000000000000000462,CCO,1184828400000,14,,1184828400000,1,,0,MOUNTAIN,00717959,0.0,840.558,00717959,0,1,840.56,CA,3401618.78079,10229.115226,KRN,2007,2007,"{71=1314.1137254901957, 42=1060.5960784313725, 41=213.64313725490197, 43=4.83921568627451, 21=84.13333333333333, 52=1101.7647058823522}",,
00000000000000000006,CDF,1164873600000,11,,1164960000000,1,,0,OPEN,00001162,0.0,308.892,00011123,0,1,296.0,CA,1250041.35525,5529.57349498,MVU,2006,2006,"{71=542.447058823529, 42=6.015686274509804, 43=7.0, 21=38.4078431372549, 52=794.776470588235}",,
00000000000000000007,CDF,1155711600000,9,,1155798000000,1,,0,MARYSVILLE,00000521,0.0,388.369,00015663,0,1,388.0,CA,1571675.00937,8744.78263363,NEU,2006,2006,"{42=1589.521568627451, 41=43.87058823529413, 43=13.388235294117647, 21=21.67058823529412, 52=77.60392156862746}",,
00000000000000000008,CDF,1150527600000,7,,1150527600000,1,,0,STOKES,00000078,0.0,348.086,00006585,0,1,320.0,CA,1408652.75327,5106.11688963,TUU,2006,2006,"{82=2.9725490196078432, 71=1433.3882352941177, 23=0.26666666666666666, 22=0.8862745098039215, 31=0.5058823529411764, 52=126.83529411764707}",,
00000000000000000020,CDF,1154156400000,14,Unknown cost,1154329200000,1,,0,JUNCTION,00000310,0.0,3129.75,00006152,0,1,3150.0,CA,1.2665633847E7,17338.3302629,SHU,2006,2006,"{71=10246.850980392152, 90=12.0, 41=0.3607843137254902, 21=990.792156862745, 43=60.69411764705883, 42=1785.1803921568628, 23=4.823529411764706, 22=114.83921568627451, 52=715.9137254901958, 11=31.0, 31=109.48235294117647}",,
00000000000000000028,CDF,1153897200000,14,I looked at this fire over the NAIP imagery & the USFS perimeter looks better.,1154415600000,1,,0,HOY,00003583,0.0,1282.88,00003583,0,1,1283.0,CA,5191626.19421,13081.7198981,SKU,2006,2006,"{71=4281.113725490199, 21=51.41960784313725, 22=53.51372549019609, 42=626.9098039215684, 82=19.32549019607843, 23=4.901960784313726, 81=49.27843137254902, 52=456.164705882353, 95=5.772549019607843, 11=10.0, 31=209.64705882352945}",,
00000000000000000047,CDF,1152601200000,11,,1152687600000,1,,0,MIDWAY,00000171,0.0,5540.27,00004345,0,1,6400.0,CA,2.24206921703E7,27961.8868847,SCU,2006,2006,"{71=24359.49803921565, 82=13.843137254901961, 11=2.3098039215686272, 23=22.76862745098039, 22=136.7686274509804, 43=52.807843137254906, 21=259.98039215686276, 52=63.003921568627455}",,
0000000000000000051a,CDF,1153119600000,10,Cost package not completed on this incident,1153119600000,1,,0,SKYWAY,00000354,0.0,453.417,00008059,0,1,451.0,CA,1834913.4332,8254.40940179,BTU,2006,2006,"{71=1769.6392156862755, 21=0.4745098039215686, 41=15.0, 22=6.48627450980392, 95=118.81960784313726, 52=128.13333333333333}",,
00000000000000000580,CDF,1153897200000,3,,1153897200000,1,,0,RAYMOND,00000253,0.0,475.084,00009238,0,1,477.0,CA,1922594.97912,7200.85701539,MMU,2006,2006,"{71=1966.3529411764698, 90=3.0, 95=14.101960784313725, 22=1.0, 21=91.74509803921569, 11=7.364705882352942, 52=52.24313725490196}",,
00000000000000000581,CDF,1160204400000,14,Need to look up fire number,1160204400000,1,,0,WHITEROCK,00000000,0.0,394.465,00012758,0,1,450.0,CA,1596344.94855,9349.41568048,MMU,2006,2006,"{21=3.811764705882353, 71=1768.5843137254903, 52=0.9333333333333333}",,
0000000000000000061e,CDF,1153206000000,1,,1153206000000,1,,0,CREEK INCIDENT,00000191,0.0,1611.62,00002968,0,1,1611.57,CA,6521984.22499,15234.112884,LMU,2006,2006,"{71=5986.650980392158, 42=325.8549019607843, 22=0.4588235294117647, 21=70.3921568627451, 52=862.8666666666662}",,
0000000000000000061f,CDF,1151478000000,1,TWO LIGHTNING FIRES THAT BURNED TOGETHER,1151564400000,1,,0,CHENEY INCIDENT,00000047,0.0,646.679,00002371,0,1,646.0,CA,2617017.01625,8375.59378334,LMU,2006,2006,"{71=927.3058823529414, 24=0.4117647058823529, 23=5.164705882352941, 42=186.66666666666674, 22=6.262745098039216, 21=32.11764705882353, 52=1749.5607843137252}",,
00000000000000000620,CDF,1153378800000,14,,1153465200000,1,,0,BORDER 16,00000684,0.0,317.088,00006638,0,1,490.0,CA,1283208.73802,8069.99073105,MVU,2006,2006,"{21=59.345098039215685, 71=1155.105882352941, 52=210.81568627450983}",,
00000000000000000638,CDF,1151305200000,1,,1151823600000,1,,0,LGT #22 (3-9),00000071,0.0,504.566,00002420,0,1,504.0,CA,2041904.93336,7851.17531572,LMU,2006,2006,"{82=29.235294117647058, 71=359.2627450980392, 42=24.172549019607846, 95=3.0, 52=1852.6431372549011}",,
00000000000000000468,CDF,1182582000000,5,Grass and Brush Mix,1185692400000,1,,0,PINE,00000000,0.0,481.78,00002692,0,1,314.0,CA,1949694.61955,5880.53993733,LMU,2007,2007,"{71=1449.521568627451, 23=12.258823529411764, 24=0.4, 22=107.25490196078427, 21=135.05882352941177, 52=461.6784313725491}",,
00000000000000000469,CDF,1180681200000,1,"Grass and sagebrush, outside of SRA.",1180940400000,1,,0,ISLAND,00000000,0.0,517.563,00002269,0,1,518.0,CA,2094502.8793,7971.95349516,LMU,2007,2007,"{71=1134.1215686274504, 52=1192.9098039215687}",,
0000000000000000047c,CDF,1186470000000,7,,1186470000000,1,,0,BANGOR,00000000,0.0,1057.2,00009467,0,1,1057.0,CA,4278345.19393,12214.7337115,BTU,2007,2007,"{21=27.984313725490196, 22=0.5176470588235293, 71=4724.827450980394}",,
00000000000000000492,CDF,1183618800000,1,,1183705200000,1,,0,MERIDIAN,00000000,0.0,445.728,00007330,0,1,447.0,CA,1803796.26339,8483.15379121,BDU,2007,2007,"{21=93.29411764705885, 22=21.64705882352941, 52=1879.0666666666664, 31=9.882352941176467}",,
0000000000000000049c,CDF,1186988400000,2,HOT-SAW USE,1187420400000,1,,0,BEAR,00000000,0.0,840.837,0SKU3868,0,1,841.0,CA,3402747.15479,13427.9549436,SKU,2007,2007,"{71=4.0, 42=3617.3647058823517, 43=28.788235294117644, 21=68.09019607843138, 52=62.09411764705882}",,
0000000000000000049d,CDF,1168934400000,15,,1168934400000,1,,0,DIABLO,00000000,0.0,332.363,00000338,0,1,0.0,CA,1345023.9652,6402.23445964,SLU,2007,2007,"{71=23.725490196078425, 42=41.313725490196084, 43=579.8235294117648, 21=2.874509803921568, 52=846.5999999999997}",,
0000000000000000049e,CDF,1187247600000,10,,1187247600000,1,,0,ORVIS,00000651,0.0,534.983,00007609,0,1,540.0,CA,2165000.08089,13654.3601953,TCU,2007,2007,"{71=2227.3098039215674, 22=0.3568627450980392, 21=177.29803921568634, 52=0.058823529411764705}",,
0000000000000000049f,CDF,1183014000000,2,Grass,1183014000000,1,,0,"CONNER, W",00010094,0.0,456.799,00004489,0,1,446.0,CA,1848600.95078,6882.33703476,TGU,2007,2007,"{21=1.623529411764706, 71=2052.3294117647056}",,
000000000000000004a0,CDF,1181718000000,4,Grass,1181718000000,1,,0,DYE,00000056,0.0,386.449,00004063,0,1,387.0,CA,1563902.35089,6901.56108677,TGU,2007,2007,"{71=441.1725490196078, 52=1296.2078431372554}",,
000000000000000004a1,CDF,1180335600000,7,,1180508400000,1,,0,HORSE,00000000,0.0,434.789,00057010,0,1,410.0,CA,1759528.75075,6368.12106759,TUU,2007,2007,"{71=1318.7215686274512, 23=0.4392156862745098, 41=1.219607843137255, 22=1.7215686274509803, 21=2.23921568627451, 52=630.6235294117645}",,
000000000000000005b0,LRA,1154674800000,2,unavailable,1154674800000,1,,0,46,00622602,0.0,396.388,KRN22602,0,1,396.37647035,CA,1604123.75788,5297.59659529,KRN,2006,2006,"{82=411.12156862745104, 71=1331.1058823529409, 11=34.0, 31=5.6117647058823525}",,
00000000000000000497,LRA,1184569200000,2,Roseville City (CARSV5433)fire that burnt into Sched A DPA,1184569200000,1,,0,PHILLIPS,00000000,0.0,935.632,00015109,0,1,0.0,CA,3786368.23438,13005.1972517,NEU,2007,2007,"{82=569.2588235294119, 71=3584.0392156862727, 81=8.094117647058823, 21=14.670588235294115, 22=1.811764705882353, 95=28.75686274509804}",,
0000000000000000022c,NPS,1176534000000,14,,1176620400000,1,,0,GOLDEN,00002001,0.0,1989.91,00000000,0,1,1988.0,CA,8052876.04654,15292.6676428,DVP,2007,2007,"{71=36.68235294117647, 52=8910.596078431385}",,
0000000000000000022d,NPS,1188457200000,1,This fire was converted from a WFU on 9/5,1188975600000,1,,0,BALD WFU,00003762,0.0,331.625,00000000,0,2,331.8,CA,1342037.46876,4470.81912749,YNP,2007,2007,"{42=1050.478431372549, 52=440.39999999999986}",,
0000000000000000002a,USF,1154934000000,1,,1155798000000,1,,0,CLEAR LAKE,00000113,0.0,554.28,00000614,0,1,526.0,CA,2243092.69454,15653.0405862,MDF,2006,2006,"{42=5.011764705882353, 52=2486.768627450977}",,
00000000000000000037,USF,1151218800000,1,Part of Boulder Complex,1152687600000,1,,0,HUNGRY,00000034,0.0,512.326,00000371,0,1,512.0,CA,2073309.23145,9697.04601751,PNF,2006,2006,"{42=2160.3019607843144, 41=6.0, 43=3.0, 52=134.07843137254906}",,
00000000000000000038,USF,1151218800000,1,Part of Boulder Complex,1152687600000,1,,0,BOULDER,00000033,0.0,2919.26,00000371,0,1,2920.0,CA,1.18138359586E7,26813.6142525,PNF,2006,2006,"{71=9018.941176470593, 90=25.749019607843135, 21=297.2980392156865, 23=1.0, 42=3324.352941176472, 22=10.0, 11=15.603921568627445, 52=432.21176470588233}",,
0000000000000000003b,USF,1152428400000,1,,1165824000000,1,,0,MAGGIE,00000018,0.0,2097.89,00210006,0,2,2097.0,CA,8489847.94504,19986.469478,SQF,2006,2006,"{71=38.84313725490196, 42=3181.964705882356, 90=2.9647058823529413, 52=6181.074509803925, 11=14.764705882352942, 31=13.0}",,
0000000000000000003c,USF,1152428400000,1,,1165824000000,1,,0,TAMARACK WFU,00000019,0.0,4655.9,00210606,0,2,4654.0,CA,1.88417660521E7,22521.9282701,SQF,2006,2006,"{71=6001.388235294117, 42=10301.22352941175, 52=3280.6, 31=1351.9098039215685}",,
0000000000000000003d,USF,1153897200000,1,Broder and Beck WFU fires became Broder/Beck WFU.  Used Broder Local Number.,1159513200000,1,,0,BRODER/BECK WFU,00000065,0.0,3492.24,00002511,0,2,3490.0,CA,1.41326130192E7,29889.2896077,SQF,2006,2006,"{71=3626.564705882353, 42=10560.75686274509, 90=14.647058823529411, 95=24.027450980392153, 52=1475.5450980392175}",,
00000000000000000040,USF,1153724400000,1,,1155366000000,1,,0,PANTHER,00000035,0.0,904.736,00000999,0,1,904.0,CA,3661338.36468,10038.7734004,SRF,2006,2006,"{71=0.7686274509803921, 21=12.050980392156864, 42=3363.1372549019625, 41=240.32549019607845, 43=197.09803921568624, 11=4.584313725490196, 52=249.85490196078428}",,
00000000000000000683,USF,1151305200000,1,part of Happy Complex,1152946800000,1,,0,HIGH,00000009,0.0,1053.4,00000242,0,1,1049.0,CA,4262965.01123,14605.9026234,MDF,2006,2006,"{71=2726.6823529411754, 42=1512.8235294117644, 90=0.023529411764705882, 52=463.42745098039205, 95=3.0862745098039213, 31=30.0}",,
00000000000000000684,USF,1151305200000,1,part of Happy Complex,1151391600000,1,,0,CRYSTAL,00000010,0.0,460.642,00000242,0,1,461.0,CA,1864152.24495,9741.2977691,MDF,2006,2006,"{42=1103.3411764705884, 71=767.5411764705882, 52=199.97254901960784}",,
00000000000000000685,USF,1153551600000,1,,1155279600000,1,,0,BUMP,00000051,0.0,523.748,00000422,0,1,524.0,CA,2119534.81191,11221.9338132,MDF,2006,2006,"{21=87.81960784313726, 71=77.29019607843136, 52=2189.662745098039}",,
0000000000000000047f,USF,1192950000000,9,,1193209200000,1,,0,MCCOY,00000086,0.0,353.139,00000086,0,1,353.0,CA,1429103.99056,7933.19502283,CNF,2007,2007,"{71=1277.7921568627448, 22=7.125490196078431, 21=270.25098039215686, 52=32.40392156862745}",,
00000000000000000482,USF,1193641200000,1,CONT_DATE is the Fire Out Date from NIFMID,1197964800000,1,,0,OHAREL,00000052,0.0,596.916,00000052,0,2,560.0,CA,2415632.97952,9833.01352086,INF,2007,2007,"{42=1464.2666666666669, 41=6.0, 43=49.0, 52=1164.6156862745095}",,
0000000000000000048a,USF,1184050800000,1,,1186210800000,1,,0,FLETCHER,00000055,0.0,8081.96,00000055,0,1,8121.0,CA,2.67498905E7,34639.0337747,MDF,2007,2007,"{71=1104.5960784313725, 81=128.41176470588232, 42=16591.698039215687, 90=11.0, 95=97.67450980392158, 52=11787.392156862748}",,
0000000000000000048f,USF,1177830000000,9,,1186038000000,1,,0,JAMES,00000004,0.0,1348.93,00000004,0,1,1350.0,CA,5458935.74211,16205.2152414,SQF,2007,2007,"{71=464.6039215686273, 22=1.0274509803921568, 21=3.043137254901961, 52=5596.454901960779}",,
000000000000000004a5,USF,1187766000000,4,,1187938800000,1,,0,VISTA,00000041,0.0,420.318,00000041,0,1,200.0,CA,1700966.03762,7220.18476315,SQF,2007,2007,"{42=1269.996078431372, 52=619.7294117647054}",,
000000000000000004b1,USF,1184050800000,1,,1184569200000,1,,0,JUNE,00000026,0.0,679.612,00000026,0,1,682.0,CA,2750292.8763,9749.34367347,INF,2007,2007,"{71=148.9921568627451, 23=31.152941176470588, 42=495.14509803921567, 22=62.70588235294118, 21=76.13333333333334, 52=2242.9647058823516}",,
00000000000000000576,BLM,1148886000000,9,,1148972400000,2,,0,MOCAL,00CM28,0.0,932.206,00161273,0,1,931.17,CA,3772502.78777,17150.4557958,BBD,2006,2006,"{71=3840.219607843139, 22=3.745098039215686, 21=291.19215686274515, 52=55.733333333333334}",,
00000000000000000578,BLM,1152082800000,1,,1152514800000,2,,0,KINGSTON 2,0000CWM6,0.0,447.036,0000CWM6,0,1,448.0,CA,1809090.74554,6597.78651578,CDD,2006,2006,"{42=250.38039215686274, 52=1759.470588235294}",,
000000000000000005dd,BLM,1152428400000,1,,1152601200000,2,,0,MESQUITE,0000CXLO,0.0,584.888,00006806,0,1,586.0,CA,2366958.10424,6831.27123718,CDD,2006,2006,"{71=0.3215686274509804, 52=2629.5764705882343}",,
00000000000000000630,BLM,1155020400000,7,,1155279600000,2,,0,GOLF,0000C3DU,0.0,774.499,0000C3DU,0,1,763.0,CA,3134286.55627,7414.5732344,CDD,2006,2006,"{71=1254.9843137254902, 21=51.011764705882364, 22=4.109803921568627, 52=2165.0588235294117, 95=0.03529411764705882, 31=7.0}",,
00000000000000000651,BLM,1157526000000,1,,1157698800000,2,,0,MESQUITE 3,0000C57U,0.0,584.888,00008660,0,1,196.0,CA,2366958.10424,6831.27123718,CDD,2006,2006,"{71=0.3215686274509804, 52=2629.5764705882343}",,
00000000000000000478,BLM,1180681200000,1,Hope this works.  If not let me know and will try again.,1181545200000,2,,0,LARSON,00000557,0.0,1076.0,00000557,0,1,1080.0,CA,4354415.03849,11686.652707,BBD,2007,2007,"{71=775.8980392156863, 90=5.5019607843137255, 81=35.09411764705883, 23=1.0, 42=162.97254901960784, 22=32.258823529411764, 21=121.03137254901961, 52=3703.9333333333316}",,
00000000000000000496,BLM,1178607600000,9,,1178607600000,2,,0,DAWSON,00040815,0.0,960.73,00040815,0,1,960.0,CA,3887934.93995,10694.5309718,CDD,2007,2007,"{71=1221.196078431373, 31=12.576470588235294, 11=6.0, 22=1.7098039215686276, 21=8.458823529411765, 52=3069.6823529411763}",,
000000000000000004a4,CCO,1192950000000,8,LACo # 232185,1192950000000,2,,0,BUCKWEED,00000167,0.0,38347.5,00000167,0,1,38356.0,CA,1.55186722595E8,93267.9109295,LAC,2007,2007,"{52=105914.20784313726, 95=116.94509803921568, 11=10.0, 31=269.2823529411765, 71=46628.65098039219, 24=16.61176470588235, 90=61.0, 22=1877.2901960784327, 23=614.6784313725489, 81=3.0, 42=710.3803921568627, 43=8890.96470588235, 21=7313.5450980392125}",,
0000000000000000001d,CDF,1153119600000,10,SERIES OF FIRES,1153465200000,2,,0,29,00000284,0.0,344.28,00005007,0,1,550.0,CA,1393251.97684,7058.82364673,LNU,2006,2006,"{71=159.00392156862745, 43=160.44705882352943, 42=358.05490196078426, 22=9.0, 21=19.44313725490196, 52=841.9058823529414}",,
00000000000000000021,CDF,1151910000000,9,Costs derived from ARC,1152082800000,2,,0,PEDRO,00000419,0.0,1997.15,00005732,0,2,2000.0,CA,8082185.41926,21101.0945366,TCU,2006,2006,"{71=7735.168627450984, 43=450.7882352941178, 42=174.756862745098, 41=6.250980392156863, 52=599.9215686274507, 11=12.015686274509804, 31=0.8235294117647058}",,
00000000000000000025,CDF,1165132800000,14,,1165651200000,2,,0,SHEKELL,07003565,0.0,13618.1,07003565,0,1,13600.0,CA,5.51104522694E7,52927.4638702,VNC,2006,2006,"{52=30442.345098039223, 95=354.38039215686274, 11=10.0, 31=720.1999999999999, 71=17506.2431372549, 24=32.55686274509804, 90=16.08627450980392, 22=1514.6470588235293, 23=450.6039215686275, 82=3308.6823529411763, 42=220.23529411764704, 81=822.9960784313727, 41=9.0, 43=205.4705882352941, 21=5617.874509803922}",,
00000000000000000045,CDF,1161846000000,7,,1162195200000,2,,0,ESPERANZA,00000210,0.0,40176.8,00091190,0,1,40200.0,CA,1.62589743608E8,82595.6692445,RRU,2006,2006,"{31=158.05098039215687, 95=892.8666666666668, 52=19891.325490196094, 71=153873.5019607841, 24=3.980392156862745, 90=130.27058823529413, 41=1.0, 42=418.8705882352942, 23=64.12549019607845, 81=6.231372549019608, 43=687.635294117647, 22=349.95686274509814, 21=4173.823529411765}",,
00000000000000000049,CDF,1152428400000,14,,1154415600000,2,,0,CANYON,00000163,0.0,34217.5,00004303,0,1,34217.0,CA,1.38473369916E8,79497.8454918,SCU,2006,2006,"{71=123335.56078431362, 90=51.16862745098038, 21=100.87058823529412, 22=37.17254901960785, 82=32.0, 43=11006.439215686278, 23=1.1176470588235294, 42=513.4196078431373, 95=0.06274509803921569, 11=5.0, 52=18773.4117647059}",,
00000000000000000517,CDF,1153551600000,1,Fire started on SRA burned into National Park,1154415600000,2,,0,WHISPERING PINES,00000320,0.0,990.733,00007707,0,1,991.0,CA,4009354.18211,10706.6933491,BDU,2006,2006,"{71=3495.64705882353, 52=958.6235294117645}",,
00000000000000000518,CDF,1151305200000,1,Fire started on SRA burned into FRA,1151650800000,2,,0,GOODALE,00000244,0.0,3751.39,00006570,0,1,3750.0,CA,1.51813314359E7,21786.375659,BDU,2006,2006,"{71=16012.02352941175, 52=855.0666666666666}",,
00000000000000000519,CDF,1153551600000,1,,1153983600000,2,,0,RICO,00000272,0.0,14509.4,00002665,0,1,14507.0,CA,5.87175583466E7,44286.5271209,BEU,2006,2006,"{71=48010.26274509799, 43=4263.145098039217, 23=0.9921568627450981, 42=92.0, 22=0.09019607843137255, 21=292.14509803921567, 52=12581.400000000038}",,
0000000000000000051e,CDF,1153551600000,1,,1153551600000,2,,0,3 ROCKS,00000122,0.0,9434.88,FKU06657,0,1,9434.51,CA,3.81815852801E7,49147.6731356,FKU,2006,2006,"{71=40530.552941176415, 82=697.3764705882354, 23=18.68235294117647, 21=314.93333333333334, 22=184.78431372549022, 52=622.1921568627453, 31=53.64705882352941}",,
0000000000000000051f,CDF,1146639600000,2,,1146639600000,2,,0,ALMAZON,00000053,0.0,1926.06,FKU03779,0,1,1964.24,CA,7794480.63575,19159.9934047,FKU,2006,2006,"{82=1.0, 71=8467.784313725486, 23=1.0, 22=13.592156862745096, 21=63.72549019607846, 52=112.90196078431372}",,
00000000000000000520,CDF,1149404400000,9,,1149404400000,2,,0,RIFLE RANGE,00000073,0.0,369.268,FKU04598,0,1,369.25,CA,1494372.6709,7125.10913301,FKU,2006,2006,"{90=4.231372549019608, 71=1536.1843137254887, 52=119.65882352941173}",,
0000000000000000057d,CDF,1153119600000,14,,1153119600000,2,,0,GEYSERS,00000127,0.0,342.936,MEU05124,0,1,321.0,CA,1387813.29409,6820.78396423,MEU,2006,2006,"{71=677.8823529411764, 43=49.78823529411765, 42=101.01568627450982, 22=28.62745098039216, 21=71.58039215686274, 52=612.6196078431369}",,
00000000000000000639,CDF,1151305200000,1,ESTIMATED 20 ACRES BURNED OF FRA (BLM) LAND. FIRE STARTED ON SRA,1151305200000,2,,0,LGT #17 (3-5),00000058,0.0,537.416,00002394,0,1,537.8,CA,2174844.8335,5951.20080183,LNF,2006,2006,"{42=1404.0901960784313, 71=9.349019607843136, 52=1002.8941176470589}",,
0000000000000000063a,CDF,1152860400000,11,,1152946800000,2,,0,EDGEMONT,00000295,0.0,520.899,00007456,0,1,575.0,CA,2108005.35428,6584.91665918,BDU,2006,2006,"{71=688.4313725490197, 81=0.16862745098039217, 22=6.007843137254902, 21=19.992156862745095, 52=1627.3960784313722}",,
0000000000000000063b,CDF,1152428400000,1,,1153206000000,2,,0,SAWTOOTH COMPLEX,00000282,0.0,61767.2,00007229,0,1,61700.0,CA,2.49962887268E8,142586.275542,BDU,2006,2006,"{71=200036.5921568627, 90=247.4705882352941, 31=2712.0235294117647, 95=43.95294117647059, 41=8.0, 43=12.984313725490196, 23=2.0, 42=4693.270588235291, 22=295.50588235294117, 21=4181.172549019608, 52=65498.3921568627}",,
0000000000000000047b,CDF,1179817200000,11,,1180335600000,2,,0,HONEY,00000000,0.0,726.404,00005890,0,1,726.0,CA,2939650.87184,12290.9973248,BTU,2007,2007,"{71=1493.729411764707, 90=573.2274509803921, 21=188.62745098039218, 22=74.30588235294118, 41=158.278431372549, 82=6.0, 23=7.83921568627451, 43=13.0, 42=116.78431372549018, 95=102.40392156862745, 11=1.0, 52=530.6666666666667}",,
0000000000000000047d,CDF,1186729200000,14,,1187506800000,2,,0,TAR,00008730,0.0,5671.03,00008730,0,1,5670.0,CA,2.29498365831E7,24980.0604316,FKU,2007,2007,"{71=1041.7607843137253, 43=335.94117647058823, 42=226.47843137254904, 22=11.180392156862744, 21=435.03529411764697, 52=23448.59215686275}",,
00000000000000000486,CDF,1184050800000,14,,1184137200000,2,,0,PASS,00005025,0.0,444.157,00005025,0,1,444.0,CA,1797440.14677,5771.59356131,MEU,2007,2007,"{71=382.69803921568626, 42=93.13725490196082, 43=0.45098039215686275, 21=133.14509803921564, 52=1387.462745098039}",,
00000000000000000491,CDF,1175324400000,1,Fire started in Hesperia City. 200 ac of SRA,,2,,0,LOS FLORES,00000000,0.0,4099.97,00003475,0,1,1600.0,CA,1.65919725262E7,21104.8522857,BDU,2007,2007,"{71=1643.7254901960782, 31=256.6705882352941, 22=4.047058823529412, 90=13.215686274509801, 21=10.458823529411765, 52=16506.945098039225}",,
00000000000000000493,CDF,1193122800000,11,Fire started in San Bernardino City. 75 ac in SRA,1193209200000,2,,0,MARTIN RANCH,00000000,0.0,602.232,00011653,0,1,123.0,CA,2437147.785,7563.63136709,BDU,2007,2007,"{71=2190.4980392156854, 23=38.08235294117647, 22=117.57647058823528, 21=245.94509803921568, 52=115.56470588235294}",,
00000000000000000494,CDF,1188457200000,1,,1188716400000,2,,0,QUIEN,00000000,0.0,422.33,00003537,0,1,422.0,CA,1709108.7161,6013.29204237,BEU,2007,2007,"{71=109.75686274509803, 42=105.48627450980392, 43=22.55294117647059, 52=1660.917647058823}",,
0000000000000000049a,CDF,1188802800000,5,,1189839600000,2,,0,LICK,00000000,0.0,47748.3,00005214,0,1,47760.0,CA,1.93230406125E8,89863.3778307,SCU,2007,2007,"{71=14406.011764705887, 90=82.0, 23=4.5019607843137255, 95=153.87058823529406, 11=172.0, 22=18.12549019607843, 42=11434.70196078431, 41=215.0, 43=60678.43921568627, 21=590.6078431372549, 52=126942.20000000004}",,
000000000000000004a2,CDF,1180854000000,2,,1180940400000,2,,0,SHANNON,00000000,0.0,2141.0,00059400,0,1,2140.0,CA,8664316.71908,18073.2525093,TUU,2007,2007,"{71=9067.082352941175, 52=558.9686274509805}",,
00000000000000000024,LRA,1165564800000,14,,1165564800000,2,,0,SEQUOIA FIRE,60004941,0.0,345.315,60004941,0,1,345.0,CA,1397441.50342,4547.5933257,VNC,2006,2006,"{71=320.74901960784314, 22=2.0, 21=43.121568627450976, 52=1186.6745098039214}",,
00000000000000000244,NPS,1153378800000,1,,1153638000000,2,,0,COVINGTON,00007124,0.0,352.253,00007124,0,1,534.0,CA,1425518.13531,6284.05385178,JTP,2006,2006,"{71=1400.317647058824, 52=183.47843137254912}",,
00000000000000000245,NPS,1153378800000,1,,1154070000000,2,,0,TOUGHNUT,00007106,0.0,985.127,00007106,0,1,1200.0,CA,3986667.80449,12110.8485152,MNP,2006,2006,"{42=32.42745098039216, 71=3769.717647058825, 52=627.1137254901961}",,
0000000000000000025e,NPS,1152082800000,1,,1152169200000,2,,0,BUTTE 2,,0.0,2035.22,00006001,0,1,2039.0,CA,8236260.66587,15221.3365528,DVP,2006,2006,"{42=6.580392156862746, 71=4227.870588235293, 52=4916.156862745098}",,
0000000000000000025f,NPS,1153378800000,1,,1153465200000,2,,0,GOLD VALLEY,,0.0,480.0,00006003,0,1,480.0,CA,1942492.83818,6170.18042554,DVP,2006,2006,"{71=62.0, 52=2095.9333333333334}",,
00000000000000000260,NPS,1153724400000,1,,1154674800000,2,,0,CALICO,,0.0,9278.41,00006004,0,1,9280.0,CA,3.75484042221E7,38800.5383916,DVP,2006,2006,"{71=171.7607843137255, 90=1.0, 52=41520.184313725505, 95=17.0, 31=9.0}",,
000000000000000005e1,NPS,1156402800000,1,,1156748400000,2,,0,MIDDLE T SUPPRESSION,00003504,0.0,344.671,00003504,0,1,345.0,CA,1394833.34613,5924.56233404,YNP,2006,2006,"{42=1085.7882352941176, 52=463.9019607843137}",,
000000000000000005e2,NPS,1156143600000,4,,1156921200000,2,,0,BOUNDARY,00003449,0.0,459.904,00003449,0,1,460.0,CA,1861166.19431,7987.38059836,YNP,2006,2006,"{42=1565.8549019607844, 52=501.6509803921567}",,
000000000000000005e4,NPS,1153638000000,1,,1167379200000,2,,0,ROARING,00000055,0.0,1643.12,00000055,0,2,1643.0,CA,6649482.18257,17578.0865182,KNP,2006,2006,"{42=7038.184313725491, 71=180.99607843137258, 52=168.23529411764704}",,
0000000000000000022e,NPS,1194508800000,1,This fire was converted to a WF on 11/8,1197100800000,2,,0,JACK WF,00004850,0.0,1106.25,00000000,0,1,1106.0,CA,4476824.8286,12308.8203833,YNP,2007,2007,"{42=4918.945098039216, 43=3.231372549019608, 21=17.733333333333334, 52=33.85098039215686}",,
0000000000000000002e,USF,1158217200000,5,,1158994800000,2,,0,SAWMILL,00000053,0.0,7437.11,00001318,0,1,7434.0,CA,3.00969177042E7,38864.7801734,INF,2006,2006,"{71=24379.870588235295, 41=2.3411764705882354, 42=3973.015686274509, 52=5083.839215686275}",,
00000000000000000032,USF,1140768000000,5,Looked at this perimeter w/ NAIP imagery & it's hard to tell which is correct.,1141459200000,2,,0,HOTLUM,00000002,0.0,3023.02,00000906,0,1,2815.0,CA,1.22337408048E7,27309.4288803,SHF,2006,2006,"{71=7305.5333333333365, 24=14.874509803921569, 21=482.42352941176466, 23=206.67843137254903, 42=3051.0941176470574, 22=547.2470588235294, 52=1910.5686274509792, 31=73.47843137254903}",,
00000000000000000033,USF,1153724400000,1,,1154156400000,2,,0,LAKIN,00000105,0.0,480.809,00001679,0,1,507.0,CA,1945765.88417,7286.63165977,SHF,2006,2006,"{42=1967.9137254901977, 71=3.0, 52=190.86274509803923}",,
00000000000000000036,USF,1153033200000,7,,1154329200000,2,,0,GREASE,00000098,0.0,365.874,00000551,0,1,366.0,CA,1480638.69341,7554.05470401,PNF,2006,2006,"{71=14.0, 42=885.0313725490196, 43=0.5529411764705883, 52=745.2627450980386}",,
00000000000000000039,USF,1153724400000,1,The East end (Grindstone RD) was managed under the Kingsley Complex,1157612400000,2,,0,HUNTER,00000015,0.0,16234.3,00000894,0,1,16296.0,CA,6.56977483337E7,53404.2076909,MNF,2006,2006,"{71=24488.611764705885, 41=101.01568627450982, 22=17.23921568627451, 23=0.9568627450980393, 42=35125.67450980393, 43=1062.3176470588232, 21=3706.4392156862737, 52=8494.262745098036}",,
0000000000000000003f,USF,1153724400000,1,part of the Orleans Complex,1155711600000,2,,0,BUCK,00000026,0.0,422.062,00000997,0,1,422.0,CA,1708024.02489,5638.32467414,SRF,2006,2006,"{42=1879.81568627451, 71=0.00392156862745098, 52=17.890196078431373}",,
00000000000000000041,USF,1153638000000,1,,1154415600000,2,,0,SCOTT,00000046,0.0,751.073,00001450,0,1,600.0,CA,3039483.40745,8801.15793954,LPF,2006,2006,"{71=274.4470588235294, 22=38.0078431372549, 23=22.36078431372549, 42=1486.819607843137, 43=24.0, 21=118.92941176470592, 52=1412.1999999999991}",,
00000000000000000042,USF,1157353200000,5,,1162195200000,2,,0,DAY,00000064,0.0,161816.0,00002023,0,1,162702.0,CA,6.54844742139E8,231176.468264,LPF,2006,2006,"{52=48221.54901960791, 95=675.2784313725489, 11=54.43529411764706, 31=1955.5490196078433, 71=556636.3490196076, 90=2103.5254901960784, 43=7313.113725490197, 42=99611.63529411766, 23=127.4549019607843, 81=29.454901960784312, 41=34.14509803921568, 22=524.929411764706, 21=10309.784313725491}",,
000000000000000005b2,USF,1153551600000,1,,1154329200000,2,,0,RIDGE,00000039,0.0,2417.06,00001440,0,1,2418.0,CA,9781499.29413,17148.3224909,LPF,2006,2006,"{71=10077.92549019608, 22=0.09411764705882353, 42=106.29411764705883, 43=29.0, 21=0.4666666666666667, 52=654.011764705882}",,
00000000000000000682,USF,1158649200000,9,,1160118000000,2,,0,BASSETTS,00000068,0.0,2097.26,00001525,0,1,2114.0,CA,8487322.37547,15442.4771615,TNF,2006,2006,"{71=4626.313725490197, 90=5.0, 21=76.07058823529415, 43=3.0, 42=4576.4666666666635, 22=3.6705882352941184, 95=3.631372549019608, 52=135.51764705882354}",,
00000000000000000464,USF,1178694000000,9,,1179039600000,2,,0,WOFFORD,0713610,0.0,567.457,00000000,0,1,567.0,CA,2296415.40118,7154.99834959,KRN,2007,2007,"{71=441.3372549019607, 95=0.11764705882352941, 52=2109.6941176470577}",,
00000000000000000473,USF,1183705200000,1,Part of the Inyo Complex,1184137200000,2,,0,SAGE,00000015,0.0,6462.62,00000015,0,1,6460.0,CA,2.61532957945E7,38003.2265272,INF,2007,2007,"{71=2071.839215686274, 90=476.79999999999995, 21=336.7803921568628, 81=65.50196078431372, 42=435.0431372549019, 22=3.2117647058823526, 95=74.85490196078432, 52=25592.984313725476}",,
00000000000000000475,USF,1183705200000,1,Part of the Inyo Complex,1184310000000,2,,0,SEVEN,00000023,0.0,1643.77,00000023,0,1,1633.0,CA,6652096.302,11435.1918522,INF,2007,2007,"{71=20.0, 21=277.1921568627452, 22=74.25098039215688, 23=11.709803921568627, 42=1252.2666666666667, 43=2.011764705882353, 52=5751.172549019609, 31=2.3568627450980393}",,
00000000000000000481,USF,1183705200000,1,Part of the Inyo Complex,1184310000000,2,,0,OAK,00000022,0.0,27062.9,00000022,0,1,12051.0,CA,1.09519543383E8,83818.9894741,INF,2007,2007,"{52=103089.57254901966, 95=910.9372549019608, 31=1890.5921568627448, 71=3427.7529411764754, 24=1.0, 90=155.54509803921567, 22=443.03529411764714, 42=10271.054901960788, 81=88.34901960784313, 23=71.02745098039216, 41=244.0, 43=32.98823529411764, 21=1058.5647058823533}",,
00000000000000000485,USF,1157439600000,9,,1190012400000,2,,0,RALSTON,00000064,0.0,8421.04,00001443,0,1,8422.0,CA,3.4078757489E7,45005.6996715,TNF,2007,2007,"{71=9824.17647058823, 21=564.4470588235292, 22=25.68235294117647, 42=26323.92941176471, 23=2.0784313725490193, 41=12.96078431372549, 43=168.50196078431372, 11=2.4745098039215683, 52=939.2823529411759}",,
0000000000000000048b,USF,1180854000000,9,,1181977200000,2,,0,GOLDLEDGE,00000011,0.0,4196.02,00000011,0,1,4200.0,CA,1.69806785213E7,23759.6395952,SQF,2007,2007,"{71=581.7529411764705, 42=3116.4392156862737, 22=8.572549019607843, 21=38.83921568627452, 52=15120.945098039218}",,
00000000000000000490,USF,1188370800000,1,,1189321200000,2,,0,LAZY,00000088,0.0,597.479,00000088,0,1,599.0,CA,2417912.53735,6508.68423564,SHF,2007,2007,"{42=1276.9686274509806, 43=3.0, 21=15.600000000000001, 52=1390.839215686274}",,
000000000000000004a3,USF,1178002800000,5,,1180249200000,2,,0,BOLLI,00000034,0.0,728.843,00000034,0,1,730.0,CA,2949523.78378,9915.91446598,SHF,2007,2007,"{71=164.3686274509804, 42=2727.274509803922, 41=23.0, 43=113.85882352941178, 52=248.2627450980392}",,
000000000000000004a6,USF,1188370800000,2,,1189234800000,2,,0,WALLOW,00000082,0.0,1438.39,00000082,0,1,1440.0,CA,5820941.06353,13800.6053258,SHF,2007,2007,"{71=212.0, 22=11.537254901960784, 42=2724.5843137254915, 23=2.0, 41=74.5529411764706, 43=34.0, 21=562.0509803921569, 52=2846.325490196078}",,
0000000000000000057e,CDF,1159081200000,14,,1159599600000,3,,0,NOBLE,00000258,0.0,1017.93,MEU07298,0,1,1014.0,CA,4119397.7473,9040.87849421,MEU,2006,2006,"{71=1484.8313725490202, 42=2871.3450980392154, 23=2.0, 41=4.0, 22=2.0980392156862746, 21=212.01960784313727, 52=0.5019607843137255}",,
00000000000000000474,CDF,1192950000000,9,,1194508800000,3,,0,SANTIAGO,00000085,0.0,28430.0,00000085,0,1,28476.0,CA,1.15052046154E8,86612.2871902,ORC,2007,2007,"{52=97604.80392156864, 95=274.3921568627451, 11=355.92549019607844, 31=620.9882352941177, 71=8220.015686274512, 24=17.6078431372549, 90=754.1725490196078, 22=2788.5843137254897, 82=4255.611764705882, 23=498.12156862745087, 81=268.1372549019608, 42=3385.76862745098, 43=2820.541176470588, 21=5967.7529411764735}",,
00000000000000000477,CDF,1191740400000,9,,1194249600000,3,,0,RICE,00000000,0.0,9471.85,00010502,0,1,0.0,CA,3.83312319355E7,51738.2247819,MVU,2007,2007,"{52=26434.854901960778, 95=29.909803921568628, 11=116.0, 31=1.0, 71=3583.2784313725483, 24=41.88235294117647, 90=450.54117647058825, 43=242.921568627451, 82=119.93333333333332, 81=1311.8588235294117, 23=733.4980392156862, 42=199.7686274509804, 22=2406.835294117647, 21=6916.168627450985}",,
000000000000000004b2,CDF,1192950000000,14,,1193986800000,3,,0,HARRIS 2,00000000,0.0,90728.3,00010427,0,1,0.0,CA,3.6710595516E8,201095.871264,MVU,2007,2007,"{31=39.38823529411765, 11=428.05882352941177, 95=819.8078431372548, 52=254335.01960784348, 71=129191.02352941185, 24=17.909803921568624, 90=4403.980392156864, 41=1.0, 81=169.90980392156862, 82=53.007843137254916, 42=336.24313725490197, 23=116.88235294117646, 43=1819.8823529411768, 22=1409.521568627451, 21=14745.098039215687}",,
000000000000000004b0,USF,1183186800000,9,,1183273200000,3,,0,RANCH,00000018,0.0,394.066,00000018,0,1,478.0,CA,1594730.03495,7574.70408375,LPF,2007,2007,"{71=354.964705882353, 95=36.18431372549019, 22=1.3647058823529412, 42=6.91372549019608, 43=89.50980392156863, 21=80.44313725490196, 52=1202.3921568627452}",,
0000000000000000004a,CDF,1148626800000,10,,1148626800000,6,,0,STUHR,00000056,0.0,905.312,00003133,0,1,1418.0,CA,3663667.5416,12827.6589612,SCU,2006,2006,"{21=12.278431372549017, 22=0.27058823529411763, 71=4057.7333333333313}",,
0000000000000000057f,CDF,1148540400000,9,,1148540400000,6,,0,BILLY,00000106,0.0,996.783,00005956,0,1,753.0,CA,4033839.5189,13015.0991096,MMU,2006,2006,"{71=3672.4509803921583, 43=157.31372549019608, 22=3.76078431372549, 21=263.650980392157, 52=384.21568627450984}",,
00000000000000000467,CDF,1179644400000,14,,,6,,0,HIGHWAY 41/ RD 209 3,00000000,0.0,329.081,00005998,0,1,0.0,CA,1331743.23131,5371.20450518,MMU,2007,2007,"{21=11.145098039215684, 22=0.21568627450980393, 71=1468.2431372549026}",,
0000000000000000046a,CDF,1187074800000,14,,1187161200000,6,,0,HWY 128,00000000,0.0,508.351,00005933,0,1,368.0,CA,2057223.92921,6142.00176324,LNU,2007,2007,"{71=1368.5333333333338, 21=46.996078431372545, 42=6.0, 22=5.835294117647058, 11=0.00392156862745098, 52=858.156862745098}",,
0000000000000000046b,CDF,1179471600000,14,,1179817200000,6,,0,BRAYE,00000000,0.0,636.53,00003042,0,1,450.0,CA,2575946.25916,7055.14105292,LNU,2007,2007,"{71=504.2352941176471, 43=49.29019607843138, 42=51.32156862745098, 41=12.776470588235295, 22=1.003921568627451, 21=17.313725490196077, 52=2225.9843137254893}",,
0000000000000000049b,CDF,1184050800000,14,Power Incident (FIRE_NAME would not accept input),1184223600000,6,,0,POWER,00000000,0.0,919.199,00005201,0,1,1000.0,CA,3719868.35728,9379.95663449,SHU,2007,2007,"{71=5.137254901960784, 42=1946.6235294117641, 41=22.968627450980392, 21=0.8666666666666667, 52=2157.298039215686}",,
00000000000000000027,USF,1153551600000,1,"This complex consisted of the Bald,Morman,Abel, and Horrse fires",1154242800000,6,,0,BALD - SAN RAFAEL COMPLEX,00000044,0.0,4321.54,00001442,0,1,1250.0,CA,1.74886390628E7,18349.2225211,LPF,2006,2006,"{71=7867.431372549022, 43=2352.6313725490186, 42=2325.2588235294124, 22=1.0, 21=152.8235294117647, 52=6731.8862745098}",,
00000000000000000043,USF,1153810800000,1,The East end of the Hunter Fire was reported as Kingsley acres in NIFMID,1155106800000,6,,0,KINGSLEY,00000016,0.0,557.921,00000897,0,1,558.0,CA,2257824.95793,8218.28438401,MNF,2006,2006,"{42=1527.6588235294118, 43=5.0, 52=975.6705882352946}",,
0000000000000000048c,USF,1188198000000,1,,1197964800000,6,,0,GROUSE,00000042,0.0,1004.11,00000042,0,1,1022.0,CA,4063506.10004,10368.8971601,SQF,2007,2007,"{42=2594.2588235294115, 52=1920.6823529411765}",,
00000000000000000577,BLM,1151218800000,1,,1151650800000,7,,0,OBSERVATION COMPLEX,NOD02330,0.0,4393.1,00002330,0,1,4400.0,CA,1.65053512368E7,47494.8278636,NOD,2006,2006,"{42=107.31372549019608, 71=13346.784313725508, 52=4883.513725490197}",,
000000000000000005b4,CCO,1165478400000,10,unavailable,1165651200000,7,,0,WESTSIDE,00635228,0.0,4025.01,KRN35228,0,1,4025.0419432,CA,1.62886471846E7,24858.4106472,KRN,2006,2006,"{71=10752.376470588239, 22=28.28235294117647, 23=1.2, 42=535.4549019607844, 43=196.71372549019605, 21=311.8392156862745, 52=6271.176470588233}",,
000000000000000005b6,CCO,1153551600000,14,,1153810800000,7,,0,EMPIRE,00157696,0.0,1063.16,00157696,0,1,1064.0,CA,4302447.86533,14825.3104201,LAC,2006,2006,"{71=2873.9254901960767, 52=1906.019607843137}",,
000000000000000005b7,CCO,1155452400000,14,,1155798000000,7,,0,QUAIL FIRE,00174794,0.0,4769.78,00174794,0,1,4681.0,CA,1.93026027852E7,31518.8994717,LAC,2006,2006,"{71=19552.54117647054, 90=47.75686274509804, 21=191.69019607843128, 43=78.05882352941177, 42=977.843137254902, 22=46.94117647058825, 23=4.003921568627451, 52=431.93333333333345, 95=105.74901960784314, 11=3.0, 31=7.0}",,
00000000000000000463,CCO,1182668400000,2,,1183100400000,7,,0,WHITE,00718055,0.0,12432.2,00018055,0,1,12432.15,CA,5.03111684611E7,42225.3116658,KRN,2007,2007,"{71=410.7490196078431, 41=38.0, 42=8515.368627450982, 43=24.0, 52=46912.23137254917}",,
0000000000000000046d,CCO,1187593200000,8,Children playing with fire,1187852400000,7,,0,CEMETERY,00006785,0.0,501.579,00006785,0,1,490.0,CA,2029816.89805,7608.3223114,SBC,2007,2007,"{71=283.78823529411767, 52=1659.3058823529414, 22=3.7176470588235295, 42=16.12156862745098, 43=269.08627450980396, 21=14.678431372549019, 31=8.376470588235293}",,
0000000000000000046e,CCO,1192950000000,11,CA-LPF-001783,1193122800000,7,,0,SEDGWICK,00008758,0.0,808.829,00008758,0,1,710.0,CA,3273215.65357,8061.132352,SBC,2007,2007,"{71=690.9803921568626, 42=173.9019607843137, 43=166.721568627451, 52=2604.8627450980416}",,
00000000000000000470,CCO,1173600000000,7,,1173769200000,7,,0,241 INCIDENT,07016557,0.0,1618.08,00000000,0,1,0.0,CA,6548134.43632,17664.2166229,ORC,2007,2007,"{71=78.2, 90=33.643137254901966, 21=322.47058823529414, 22=114.31764705882352, 43=22.0, 23=7.329411764705882, 42=26.12549019607843, 11=13.0, 95=15.568627450980392, 52=6642.560784313722}",,
00000000000000000009,CDF,1151132400000,7,,1151132400000,7,,0,W,00000103,0.0,362.372,00006967,0,1,800.0,CA,1466467.59013,6010.97585294,TUU,2006,2006,"{71=1535.4823529411763, 52=93.7921568627451}",,
0000000000000000000a,CDF,1153378800000,1,,1153465200000,7,,0,COYOTE,00000154,0.0,1359.88,00008471,0,1,1350.0,CA,5503251.0354,9656.67768534,TUU,2006,2006,"{71=6063.050980392155, 90=2.5999999999999996, 95=1.9333333333333331, 23=0.00784313725490196, 21=14.086274509803921, 22=18.407843137254897, 11=7.1647058823529415, 52=7.192156862745098}",,
0000000000000000001c,CDF,1158908400000,11,DURING NORTH WINDS,1159081200000,7,,0,NAPA,00000505,0.0,377.331,00007284,0,1,387.0,CA,1527004.90683,7558.5411945,LNU,2006,2006,"{71=37.80392156862745, 41=59.73333333333334, 42=813.470588235294, 43=195.9333333333333, 52=589.4588235294118}",,
0000000000000000001e,CDF,1158822000000,7,AKA 82B FIRE,1158908400000,7,,0,YOLO,00000503,0.0,725.167,00007269,0,1,500.0,CA,2934646.60062,8394.57866635,LNU,2006,2006,"{71=2967.5529411764705, 22=0.4588235294117647, 21=7.929411764705881, 52=284.59215686274507}",,
00000000000000000461,CDF,1189839600000,4,,1190703600000,7,,0,ANGEL 3,00000000,0.0,832.127,00009233,0,1,837.0,CA,3367496.61342,17923.8461799,MVU,2007,2007,"{71=1761.0352941176473, 43=492.7960784313725, 42=447.75686274509803, 22=5.415686274509804, 21=153.6980392156863, 52=880.0666666666665}",,
0000000000000000046f,CDF,1193036400000,14,,1193036400000,7,,0,ROSA,00000000,0.0,409.635,00092560,0,1,200.0,CA,1657732.27884,8714.26027476,RRU,2007,2007,"{71=28.07058823529412, 21=5.890196078431371, 82=452.34901960784293, 43=23.670588235294115, 81=5.11764705882353, 42=26.03529411764706, 22=1.0, 11=0.03137254901960784, 52=1299.35294117647}",,
00000000000000000484,CDF,1193122800000,9,,1196496000000,7,,0,POOMACHA,00000087,0.0,49411.0,00010643,0,1,49390.0,CA,1.99959093236E8,119199.724712,MVU,2007,2007,"{52=100611.2901960785, 11=24.0, 95=847.4039215686274, 31=142.58039215686276, 71=60663.835294117715, 24=54.0, 90=506.1450980392156, 41=141.85098039215686, 81=1979.4980392156863, 82=138.61960784313726, 22=401.44705882352946, 23=137.1137254901961, 42=34202.91764705882, 43=16143.913725490193, 21=6177.28627450981}",,
00000000000000000487,CDF,1189407600000,14,,1189407600000,7,,0,COLINA,00000000,0.0,374.447,00079386,0,1,388.0,CA,1515331.58961,7100.88482387,RRU,2007,2007,"{71=15.149019607843139, 43=7.0, 42=21.737254901960785, 22=10.756862745098038, 21=95.21960784313724, 52=1533.4431372549016}",,
00000000000000000488,CDF,1191567600000,14,,1191567600000,7,,0,MOCKINGBIRD,00000000,0.0,737.272,00001600,0,1,671.0,CA,2983632.14553,8624.16121019,RRU,2007,2007,"{71=3081.603921568628, 24=9.0, 21=71.63529411764708, 23=10.0, 22=3.0, 52=136.2078431372549, 95=1.2470588235294118, 31=2.0}",,
00000000000000000498,CDF,1172995200000,14,,1172995200000,7,,0,ALESSANDRO,00000000,0.0,860.087,00019979,0,1,680.0,CA,3480650.15498,10228.9854229,RRU,2007,2007,"{82=10.113725490196078, 71=2275.286274509806, 23=3.1882352941176473, 22=29.65490196078431, 21=229.30980392156857, 52=1319.3176470588235}",,
00000000000000000499,CDF,1173600000000,14,,1173682800000,7,,0,SIERRA,00000000,0.0,777.514,00022254,0,1,1044.0,CA,3146487.72073,9893.07287486,RRU,2007,2007,"{71=1710.3882352941173, 23=4.109803921568627, 22=17.478431372549018, 21=70.45490196078433, 52=1693.223529411764}",,
000000000000000004a7,CDF,1192950000000,9,,1193814000000,7,,0,WITCH,00000082,0.0,162070.0,00000082,0,1,197990.0,CA,6.55875906464E8,348140.815907,MVU,2007,2007,"{31=578.8117647058824, 95=4424.117647058823, 11=7663.243137254902, 52=402469.2470588237, 71=214980.4627450983, 24=257.0470588235294, 90=5325.211764705882, 22=11255.611764705878, 82=7110.235294117647, 23=3527.1294117647053, 81=4506.317647058824, 42=9589.003921568628, 43=18638.258823529413, 21=38409.972549019585}",,
000000000000000004a8,CDF,1183532400000,2,,1188716400000,7,,0,ZACA,00000020,0.0,240359.0,00000020,0,1,240207.0,CA,9.72697148222E8,278821.306982,SBC,2007,2007,"{31=219.08235294117645, 95=419.6627450980391, 11=12.0, 52=500979.7725490188, 71=28303.70196078431, 24=4.0, 90=471.6705882352941, 41=5.0, 82=1.0, 22=161.07843137254903, 23=28.0, 42=295708.6, 43=237248.2000000002, 21=17202.643137254912}",,
0000000000000000001f,LRA,1158908400000,14,LRA Fire,1158908400000,7,,0,ZAM ASSIST,00010468,0.0,13968.9,00007271,0,1,11000.0,CA,5.65300308464E7,49577.7784253,LNU,2006,2006,"{71=56972.74509803919, 21=1218.7137254901963, 22=74.70588235294117, 82=4229.33333333333, 81=36.65098039215687, 23=2.8, 52=127.0, 95=17.384313725490195, 11=36.0, 31=94.24705882352941}",,
0000000000000000046c,LRA,1178607600000,3,NPS from BARC imagery and air photo interp. Presumed accuracy 30m,,7,,0,GRIFFITH PARK,00000002,0.0,747.898,00000000,0,1,0.0,CA,3026637.43769,12410.5784528,LAC,2007,2007,"{71=34.23137254901962, 22=10.63529411764706, 23=3.4941176470588236, 42=150.02745098039216, 43=469.3960784313725, 21=116.54509803921567, 52=2578.4196078431382}",,
000000000000000005e3,NPS,1153465200000,1,,1163232000000,7,,0,FROG,00002538,0.0,6029.85,00002538,0,2,6031.0,CA,2.44019422584E7,39965.3202781,YNP,2006,2006,"{71=3946.4823529411765, 90=24.0, 11=1.1019607843137254, 21=0.8274509803921568, 42=18700.9137254902, 43=53.05490196078431, 95=5.0, 52=4380.243137254905}",,
000000000000000005e5,NPS,1153465200000,1,,1167379200000,7,,0,BURNT,00000047,0.0,627.62,00000047,0,2,627.0,CA,2539888.77811,11456.6297792,KNP,2006,2006,"{42=2244.9529411764697, 52=576.98431372549}",,
0000000000000000022b,NPS,1192950000000,11,"Parts of LACO perim, mod thru BARC image, air photo interp by NPS, 30m accurate?",,7,,0,CANYON,00001849,0.0,3838.9,00001849,0,1,4565.0,CA,1.55354583993E7,49754.920406,SMP,2007,2007,"{71=21.698039215686272, 24=0.01568627450980392, 90=166.8549019607843, 21=1287.3333333333328, 43=85.34117647058824, 42=315.08235294117645, 22=256.71372549019605, 23=38.317647058823525, 52=15044.921568627447, 95=26.29019607843137, 11=4.0, 31=13.0}",,
00000000000000000022,USF,1138003200000,4,,1138262400000,7,,0,PLUNGE,00000005,0.0,477.111,00000964,0,1,485.0,CA,1930801.35223,11542.6416367,BDF,2006,2006,"{71=183.9294117647059, 43=75.29019607843136, 42=258.11764705882354, 22=4.949019607843137, 21=187.6313725490196, 52=1434.8352941176483}",,
00000000000000000023,USF,1139212800000,18,,1140595200000,7,,0,SIERRA,00000008,0.0,10592.0,00000300,0,1,10584.0,CA,4.28642053257E7,32272.7244692,CNF,2006,2006,"{71=39582.11372549021, 90=52.17647058823529, 21=849.0509803921572, 22=327.3176470588236, 42=71.04313725490196, 23=7.431372549019608, 81=1.2745098039215685, 43=103.32941176470588, 52=6537.988235294115, 95=52.22352941176471, 11=34.0, 31=8.0}",,
00000000000000000026,USF,1152428400000,1,Perimeter is edgematched with Sawtooth Complex,1154415600000,7,,0,MILLARD,00000083,0.0,24218.9,00006773,0,1,24000.0,CA,9.80104062885E7,85677.7138333,BDF,2006,2006,"{71=72892.67058823524, 90=436.64313725490194, 21=15.062745098039215, 43=234.3490196078431, 42=11879.87450980392, 41=6.0, 22=6.12156862745098, 52=17985.34509803923, 95=151.79607843137254, 31=5289.207843137253}",,
00000000000000000029,USF,1153638000000,4,part of San Rafael Complex,1154156400000,7,,0,HORSE,00000055,0.0,16677.6,00001442,0,1,16677.0,CA,6.74919127612E7,52543.6709743,CNF,2006,2006,"{71=59085.176470588216, 90=562.1450980392157, 21=2649.7803921568625, 43=57.34509803921568, 22=78.64705882352942, 42=10.0, 23=4.0, 52=12296.71764705882, 95=178.99215686274502, 11=65.81176470588237, 31=0.027450980392156862}",,
0000000000000000002b,USF,1156834800000,9,Caused by Target shooting,1157353200000,7,,0,EMERALD,00000159,0.0,2131.01,00008337,0,1,2109.0,CA,8623882.58184,16370.0448878,BDF,2006,2006,"{71=6004.38431372549, 21=415.9764705882354, 43=9.694117647058823, 42=134.6980392156863, 22=8.592156862745098, 52=2995.7686274509842, 31=12.380392156862744}",,
0000000000000000002c,USF,1153638000000,1,part of Uncles Complex.  Acres reflect whole complex,1163404800000,7,,0,UNCLES,00000053,0.0,3832.85,00003497,0,1,3760.0,CA,1.55110086067E7,33385.7381363,KNF,2006,2006,"{71=8048.588235294121, 90=15.0, 21=199.54901960784315, 22=8.298039215686273, 42=7814.282352941172, 43=40.83529411764706, 41=2.674509803921569, 52=1084.8745098039224, 11=2.537254901960784, 31=16.545098039215684}",,
0000000000000000002d,USF,1153724400000,1,part of Uncles Complex,1163404800000,7,,0,HANCOCK,00000074,0.0,21866.1,00003497,0,1,21844.0,CA,8.84890921895E7,95645.2967396,KNF,2006,2006,"{71=27563.90196078431, 24=2.0, 11=21.14901960784314, 41=13.0, 23=4.0, 81=0.2823529411764706, 21=180.45490196078433, 22=11.96078431372549, 42=67361.80392156857, 43=49.05882352941177, 52=3102.094117647058, 31=7.490196078431373}",,
0000000000000000002f,USF,1158649200000,7,,1159167600000,7,,0,PINNACLES,00000185,0.0,2505.52,00009056,0,1,2750.0,CA,1.01394758523E7,16405.7762527,BDF,2006,2006,"{71=9570.047058823528, 21=3.1647058823529415, 42=114.78431372549018, 41=3.615686274509804, 43=18.729411764705883, 31=94.5921568627451, 52=1460.6627450980384}",,
00000000000000000030,USF,1157180400000,9,Part of the Bar Complex,1160463600000,7,,0,PIGEON,00000177,0.0,35093.8,00001693,0,1,35101.0,CA,1.42019434369E8,85355.1363856,SHF,2006,2006,"{71=62516.082352941165, 24=12.0, 31=5.0, 22=392.63529411764705, 42=83682.27450980389, 23=100.25882352941176, 41=72.60784313725492, 43=830.9529411764705, 21=1995.6980392156852, 52=8189.0666666666675}",,
00000000000000000031,USF,1153638000000,1,,1164873600000,7,,0,BAKE-OVEN,00000165,0.0,65050.1,00001693,0,1,66113.0,CA,2.63248210399E8,123302.849682,SHF,2006,2006,"{71=100075.70196078434, 24=761.8745098039217, 90=12.0, 21=4380.200000000001, 22=329.0705882352941, 42=169354.88235294117, 23=276.80392156862746, 43=656.7882352941177, 41=34.0, 52=16501.43137254902, 11=4.0, 31=105.32941176470588}",,
00000000000000000034,USF,1153724400000,1,part of Uncles Complex.  Cost reflects entire complex,1156316400000,7,,0,RUSH,00000059,0.0,4872.31,00003497,0,1,4850.0,CA,1.97175353665E7,29035.0606683,KNF,2006,2006,"{71=7640.752941176473, 24=1.0, 90=16.0, 22=15.67843137254902, 23=5.0, 42=12896.827450980418, 43=19.035294117647055, 21=688.8823529411765, 52=623.8705882352942}",,
00000000000000000035,USF,1153638000000,1,part of Happy Camp. Cost reflects entire complex.,1159599600000,7,,0,TITUS,00000041,0.0,6075.6,00003536,0,1,5792.0,CA,2.45870824457E7,28944.2136514,KNF,2006,2006,"{71=10940.239215686273, 81=0.8392156862745098, 22=11.0, 23=6.533333333333333, 42=13481.92156862745, 43=5.0, 21=412.97254901960787, 52=2458.890196078431}",,
0000000000000000003a,USF,1151305200000,1,part of the Yolla Bolly Complex - WFU,1164614400000,7,,0,HARVEY,00000005,0.0,1246.92,00000705,0,2,1247.0,CA,5046092.13458,9524.83686922,MNF,2006,2006,"{42=4259.937254901961, 71=1033.7450980392157, 52=312.8392156862745}",,
0000000000000000003e,USF,1153724400000,1,part of the Orleans Complex,1161154800000,7,,0,SOMES,00000027,0.0,15506.2,00000997,0,1,15710.0,CA,6.27513679049E7,39206.7944327,SRF,2006,2006,"{71=8306.301960784314, 90=0.3137254901960784, 41=0.5019607843137255, 21=2212.7568627450987, 22=48.84313725490195, 42=58796.21960784317, 23=13.862745098039214, 43=13.756862745098038, 52=297.53725490196075, 11=14.749019607843135, 31=17.466666666666665}",,
0000000000000000061c,USF,1149836400000,1,,1150182000000,7,,0,ARRASTRE,00000042,0.0,363.407,00005749,0,1,361.0,CA,1470655.92164,5631.98853121,BDF,2006,2006,"{42=280.5294117647058, 21=17.658823529411762, 52=1335.6156862745083}",,
0000000000000000061d,USF,1150700400000,1,MCPherson Fire caused by lightning.  PerkinswascausedbyHuman/Powerline.,1153378800000,7,,0,PERKINS,00000012,0.0,14923.0,00001113,0,1,14988.0,CA,6.03912115683E7,45472.8128811,LPF,2006,2006,"{71=58511.874509804016, 21=1181.6235294117641, 22=1.9607843137254903, 42=1136.8431372549019, 43=1247.7529411764708, 52=5017.494117647057, 31=2.215686274509804}",,
00000000000000000686,USF,1153724400000,1,,1154070000000,7,,0,SAGE,00000074,0.0,4853.66,00000484,0,1,4871.0,CA,1.96420578262E7,34807.46789,MDF,2006,2006,"{71=14690.886274509807, 90=0.2784313725490196, 21=192.4549019607843, 81=437.1098039215684, 42=756.156862745098, 52=5720.627450980385, 95=14.105882352941176, 31=12.0}",,
0000000000000000045e,USF,1192863600000,2,,1195113600000,7,,0,RANCH,00000166,0.0,58410.3,00000166,0,1,54716.0,CA,2.36378245191E8,169150.71569,ANF,2007,2007,"{31=275.6901960784314, 95=891.0470588235291, 11=16.529411764705884, 52=127218.61176470591, 71=110996.14117647061, 90=558.2078431372548, 41=6.0, 42=4629.913725490196, 82=2.0, 23=37.24313725490196, 81=17.0, 43=13832.070588235294, 22=283.82745098039214, 21=3870.7882352941165}",,
00000000000000000472,USF,1184050800000,1,Part of the China-Back Complex,1187420400000,7,,0,CHINA,00000043,0.0,2939.36,00000043,0,1,2906.0,CA,1.18951810897E7,19665.1733978,KNF,2007,2007,"{71=325.678431372549, 90=0.011764705882352941, 43=36.0, 42=4580.250980392158, 41=51.45882352941177, 22=9.827450980392157, 21=150.47058823529414, 52=8062.858823529411}",,
00000000000000000476,USF,1193036400000,9,,1195027200000,7,,0,SLIDE,00000167,0.0,12769.2,00000167,0,1,12759.0,CA,5.16753115096E7,74185.9159529,BDF,2007,2007,"{71=1516.1372549019604, 24=13.0, 21=3720.4509803921587, 43=6187.286274509804, 42=37736.937254901946, 41=240.8901960784314, 23=315.9843137254904, 22=1339.674509803921, 52=6281.266666666669, 11=37.0, 31=26.0}",,
0000000000000000047e,USF,1188802800000,2,,1190703600000,7,,0,MOONLIGHT,00000098,0.0,64960.0,00000098,0,1,64995.0,CA,2.62883613946E8,82138.2623646,PNF,2007,2007,"{71=1247.2117647058826, 90=487.6313725490196, 31=9.0, 21=2578.141176470589, 43=1423.513725490196, 42=264064.01568627474, 23=3.0, 41=382.0, 22=38.95686274509804, 95=232.0, 52=21625.007843137253}",,
00000000000000000483,USF,1189580400000,4,,1191308400000,7,,0,PINE,00000073,0.0,2111.77,00000073,0,1,2170.0,CA,8546022.39768,17108.2334195,CNF,2007,2007,"{71=32.0, 90=101.03529411764706, 21=213.6392156862745, 43=853.6431372549023, 42=90.53725490196078, 22=1.0, 95=176.85882352941175, 52=8026.074509803925}",,
00000000000000000489,USF,1184050800000,1,Part of the Elk Complex,1186210800000,7,,0,ELK,00000045,0.0,1144.69,00000045,0,1,1144.0,CA,4632414.09832,12525.9424566,KNF,2007,2007,"{71=16.83921568627451, 24=1.0, 43=70.85098039215686, 42=4834.341176470586, 23=1.0, 41=5.0, 22=1.0, 21=95.74509803921568, 52=120.80392156862746}",,
0000000000000000048d,USF,1182582000000,4,,1183359600000,7,,0,ANGORA,00000013,0.0,3069.8,00000013,0,1,3100.0,CA,1.24230593667E7,21974.9137086,TMU,2007,2007,"{71=37.0, 90=89.0, 21=480.5999999999999, 42=11145.44313725491, 23=27.184313725490195, 41=7.0, 22=506.77254901960765, 95=63.89411764705883, 52=1445.6705882352937}",,
0000000000000000048e,USF,1193036400000,9,,1199088000000,7,,0,GRASS VALLEY,00000165,0.0,1242.37,00000165,0,1,1247.0,CA,5027695.80886,13449.2908747,BDF,2007,2007,"{71=9.058823529411764, 24=1.0, 22=209.38039215686274, 23=42.274509803921575, 42=3274.600000000002, 43=883.8588235294118, 21=901.6941176470589, 52=264.12549019607843}",,
000000000000000004ac,USF,1184050800000,1,"Part of the Elk Complex, Total Cost 18,600,000",1196928000000,7,,0,KING CREEK,00000032,0.0,10477.4,00000032,0,1,10617.0,CA,4.24004481573E7,70506.0923567,KNF,2007,2007,"{71=27.341176470588238, 31=0.9333333333333333, 21=1763.949019607843, 22=16.15294117647059, 42=35573.51764705883, 23=6.0, 41=46.101960784313725, 43=145.39607843137256, 11=42.278431372549015, 52=9487.57254901961}",,
000000000000000004ad,USF,1184050800000,1,"Part of the Elk Complex, Total Cost 18,600,000",1196928000000,7,,0,LITTLE GRIDER,00000031,0.0,2172.78,00000031,0,1,2171.0,CA,8792932.16034,17389.4960707,KNF,2007,2007,"{71=88.10588235294118, 43=182.38039215686274, 42=8549.431372549014, 41=7.0, 22=9.0, 21=663.6941176470585, 52=269.6666666666667}",,
000000000000000004ae,USF,1184050800000,1,"Part of the Elk Complex, Total Cost 18,600,000",1196928000000,7,,0,TITUS,00000057,0.0,2177.28,00000057,0,1,2043.0,CA,8811158.11792,24702.2368292,KNF,2007,2007,"{43=18.4, 42=7055.254901960784, 23=1.0, 41=53.898039215686275, 22=9.305882352941175, 21=592.1843137254897, 52=2059.290196078431}",,
000000000000000004af,USF,1184050800000,1,Part of the Elk Complex,1184482800000,7,,0,WINGATE,00000056,0.0,931.99,00000056,0,1,916.0,CA,3771628.8145,16861.2024252,KNF,2007,2007,"{71=1.0, 42=2641.8274509803914, 21=65.43137254901961, 11=0.2823529411764706, 52=1481.298039215686}",,
000000000000000005b1,BLM,1154934000000,9,"KRN costs only, excluding straight time costs",1155193200000,8,,0,COTTONWOOD,00622687,0.0,2344.13,BBD02680,0,1,2344.08870045,CA,9486360.92774,14005.5711673,KRN,2006,2006,"{42=1398.5019607843137, 71=7449.196078431371, 52=1691.9294117647048}",,
0000000000000000063c,CCO,1156748400000,14,,1157007600000,8,,0,CROSS FIRE,00000193,0.0,664.745,06186247,0,1,665.0,CA,2690126.57557,13077.7016254,LAC,2006,2006,"{71=1434.0627450980387, 43=36.29803921568627, 23=8.050980392156863, 42=11.337254901960785, 22=46.3450980392157, 21=82.60000000000001, 52=1369.6549019607835}",,
0000000000000000045d,CCO,1193036400000,14,,1193295600000,8,,0,MAGIC,00233077,0.0,2824.88,00233077,0,1,0.0,CA,1.14318725084E7,20407.9656623,LAC,2007,2007,"{71=3344.9686274509786, 24=0.6352941176470588, 90=12.501960784313724, 95=11.564705882352941, 82=0.5254901960784314, 21=418.52156862745096, 22=138.1529411764706, 23=15.176470588235293, 42=21.768627450980393, 43=24.0, 52=8712.0705882353, 31=1.7333333333333334}",,
0000000000000000045f,CCO,1195891200000,14,,1196150400000,8,,0,CORRAL,00259483,0.0,4708.0,00259483,0,1,0.0,CA,1.90525885092E7,22907.182174,LAC,2007,2007,"{71=95.75294117647059, 90=112.08235294117648, 21=1363.9568627450972, 43=591.1843137254903, 23=8.811764705882352, 42=960.7529411764706, 22=152.47058823529417, 95=2.0, 52=17881.513725490182}",,
00000000000000000460,CCO,1179558000000,14,,1179817200000,8,,0,GORMAN,00109398,0.0,2373.84,00109398,0,1,0.0,CA,9606609.352,19693.2088222,LAC,2007,2007,"{71=2754.360784313726, 90=7.141176470588235, 21=541.007843137255, 23=6.066666666666666, 42=25.286274509803924, 22=63.28235294117645, 52=7214.078431372554, 31=61.972549019607854}",,
00000000000000000465,CCO,1178780400000,14,,1179385200000,8,,0,ISLAND,00102481,0.0,4722.97,00102481,0,1,4750.0,CA,1.91131655468E7,30713.9036969,LAC,2007,2007,"{71=2548.8352941176468, 22=13.125490196078431, 42=60.44705882352941, 43=314.878431372549, 21=41.666666666666664, 52=18257.396078431386}",,
00000000000000000046,CDF,1160722800000,9,,1160809200000,8,,0,SUNRISE #2,00000203,0.0,500.01,00087499,0,1,507.0,CA,2023469.93768,7261.22546622,RRU,2006,2006,"{71=2102.713725490197, 22=0.592156862745098, 21=10.192156862745097, 52=134.62352941176474}",,
00000000000000000048,CDF,1151650800000,5,,1152082800000,8,,0,DEL PUERTO,00000132,0.0,2592.98,00004033,0,1,2583.0,CA,1.04934119187E7,16666.3197598,SCU,2006,2006,"{71=9902.18823529411, 43=559.6117647058825, 42=19.04705882352941, 22=2.372549019607843, 21=9.552941176470588, 52=1165.9882352941167}",,
000000000000000005ad,CDF,1149663600000,1,,1149836400000,8,,0,ABERDEEN,00000199,0.0,404.184,00005805,0,1,357.0,CA,1635675.35273,7014.9971419,BDU,2006,2006,"{71=1797.7215686274506, 52=19.466666666666658}",,
00000000000000000480,CDF,1188716400000,1,,1188716400000,8,,0,NORTH,00000129,0.0,2122.34,00000129,0,1,2200.0,CA,8588815.77609,15780.5879634,LAC,2007,2007,"{71=134.90980392156865, 90=79.57254901960783, 22=10.972549019607843, 23=1.0, 42=526.3607843137255, 43=147.0, 21=36.05882352941177, 52=8606.321568627447}",,
00000000000000000471,DOD,1193122800000,14,,1193900400000,8,,0,AMMO,00001111,0.0,21493.9,00000000,0,1,21084.0,CA,8.69827614194E7,55925.9944745,MCP,2007,2007,"{52=72566.62745098042, 11=27.949019607843137, 95=140.60392156862747, 31=28.6, 71=16363.666666666659, 24=73.52941176470591, 90=2300.4666666666676, 22=1100.9568627450974, 82=2.0, 81=61.13725490196079, 23=415.0823529411765, 42=815.0, 43=1360.549019607843, 21=1390.0823529411769}",,
00000000000000000239,NPS,1152255600000,1,,1152774000000,8,,0,PUSHWALLA,00006692,0.0,2194.78,00006692,0,1,2200.0,CA,8881951.57332,18790.6077643,JTP,2006,2006,"{71=8169.3647058823535, 42=375.8862745098039, 43=1.0, 52=1322.1686274509796}",,
0000000000000000023a,NPS,1151737200000,1,,1151823600000,8,,0,GEO,00006422,0.0,704.059,00006422,0,1,740.0,CA,2849224.3143,7957.53854326,JTP,2006,2006,"{71=2632.7647058823536, 22=1.0, 21=137.96862745098036, 52=393.73333333333323}",,
00000000000000000044,USF,1153551600000,2,,1153638000000,8,,0,RAMP,00000107,0.0,413.824,00007189,0,1,450.0,CA,1674687.68844,6068.14851176,BDF,2006,2006,"{71=641.5882352941175, 22=34.00000000000001, 21=85.04313725490198, 52=1099.8156862745095}",,
000000000000000004a9,USF,1183618800000,1,Part of the Antelope Complex,1183705200000,8,,0,BABCOCK PEAK,00000056,0.0,406.548,00000056,0,1,400.0,CA,1645240.63334,6635.7204071,PNF,2007,2007,"{42=1777.8235294117646, 71=4.0, 52=45.788235294117655}",,
000000000000000004aa,USF,1183618800000,1,Part of the Antelope Complex,1185001200000,8,,0,WHEELER,00000053,0.0,22331.9,00000053,0,1,22906.0,CA,9.03740859712E7,71550.4373696,PNF,2007,2007,"{71=877.9058823529411, 90=442.12549019607843, 21=2117.6039215686287, 22=22.654901960784315, 42=76871.39607843138, 23=1.0, 41=144.9294117647059, 43=19.364705882352943, 11=20.862745098039216, 95=359.08235294117645, 52=19536.113725490195}",,
000000000000000004ab,USF,1189753200000,9,,1199088000000,8,,0,BUTLER #2,00000158,0.0,13736.3,00000158,0,1,14039.0,CA,5.55887143368E7,52067.9398026,BDF,2007,2007,"{71=1699.1411764705883, 24=1.0, 90=141.0, 21=3408.6745098039223, 22=336.5372549019608, 42=31333.054901960804, 43=1750.6549019607846, 23=64.58823529411765, 41=250.0, 52=22652.407843137247, 95=22.0, 31=104.20392156862745}",,
