system:index,AGENCY,ALARM_DATE,CAUSE,COMPLEXNM,CONT_DATE,FIRE_NAME,GIS_ACRES,INCOMPLEX,MAPMETHOD,YEAR,YEARn,histogram,.geo
0000d34d10a18e0475b1,USF,1.02654E+12,1,,1.03674E+12,BISCUIT,501082.0313,,,2002,33,"1=7200.882352941166, 8=31467.49411764714, 7=118.0, 9=3.0, 10=47.79607843137258, 5=108.0",
0000680773c8368e91e1,USF,1.50105E+12,1,,1.50261E+12,STEELE,45704.01172,,,2017,48,"1=19245.81568627451, 2=51868.97647058834, 7=6856.203921568625, 5=49.062745098039215, 8=127072.47450980372, 11=283.24705882352936, 10=100.87843137254903",
00001cfa4c736c74ec44,USF,1.34424E+12,1,,1.34787E+12,BARRY POINT,92944.53125,,,2012,43,"1=128999.82745098024, 2=4041.0274509803926, 8=31447.850980392308, 7=9821.615686274516, 11=398.45098039215685, 5=84.0",
00008fcce0e2d984e2fc,BLM,1.12469E+12,1,,1.12625E+12,BARREL,24410.2168,,,2005,36,,
00003bcd477602c9c771,BLM,1.4042E+12,1,,1.40869E+12,COLEMAN,15242.86816,,,2014,45,,
0000fce5d88f60270661,USF,9.97254E+11,1,,9.98377E+11,BLUE,34218.84766,,,2001,32,"1=31197.109803921645, 2=3929.509803921568, 7=39381.34117647059, 5=3221.5882352941176, 8=73128.6862745095, 11=2069.0901960784313, 10=741.0",
0000c2be54c19518aef4,BLM,1.34475E+12,1,,1.35089E+12,RUSH,315511.5,,,2012,43,"1=1423.6431372549018, 2=51648.6980392157, 7=2749.56862745098, 5=394.89019607843136, 8=1135974.5137254873, 11=5733.776470588232, 10=1130.6352941176472",
00000139e77d203b5826,BLM,1.43859E+12,2,,1.43979E+12,DODGE,10517.5166,,,2015,46,"1=581.0, 7=0.3607843137254902, 2=10048.545098039245, 8=36529.69803921568, 11=98.121568627451, 5=33.02745098039216",
0000be6b9e78c9537fc9,USFS,,0,,,STONE,39387.02847,N,Infrared Image,2018,49,"1=92981.45490196059, 2=27276.509803921686, 7=4535.650980392157, 5=25.152941176470588, 8=51523.07450980392, 9=2.278431372549019, 11=157.3411764705882, 10=382.21568627450984",
000037cf725130f6c718,CDF,1.4067E+12,1,,1.40791E+12,DAY,13150.66602,,,2014,45,"1=46735.290196078306, 7=5085.0392156862745, 6=174.90196078431373, 5=1253.9725490196083, 8=4864.066666666667, 11=15.20392156862745, 10=1.0",
000036972e23aa951197,USF,1.50097E+12,1,,1.50468E+12,COVE,30890.86133,,,2017,48,"1=85220.48627450988, 7=3964.215686274508, 2=12158.38823529412, 8=37195.73725490209, 5=76.91764705882353",
0000bc74f23b74cba557,CDF,1.2142E+12,1,,1.21662E+12,CORRAL FIRE,12434.28906,,,2008,39,"1=31559.317647058917, 7=2974.83137254902, 2=4388.654901960784, 8=16412.431372549036, 11=560.2039215686276, 5=13.0",
00007d7dd8ef88f1ca25,USFS,,0,,,WHALEBACK,18702.50618,N,Mixed Methods,2018,49,"1=32319.509803921625, 2=2898.8784313725487, 7=196.49803921568628, 8=47730.21960784306, 9=2.156862745098039, 11=252.92549019607847, 10=346.1254901960781",
000063ea6696169d0300,USF,1.4067E+12,1,,1.40809E+12,BALD,39752.19531,,,2014,45,"1=98173.4039215683, 2=13945.94901960786, 7=992.4901960784309, 6=441.0, 5=248.95294117647057, 8=64173.81176470572, 11=390.2039215686275, 10=44.654901960784315",
0000acc4c1066f14f82e,USF,1.40679E+12,9,,1.40886E+12,EILER,31995.21875,,,2014,45,"1=112748.88627450968, 2=78.29411764705883, 7=2549.38431372549, 6=383.1137254901961, 5=1214.705882352941, 8=17008.88627450983, 9=6.0, 11=117.25490196078432, 10=292.69019607843137",
0000ce7ecc99c2bc977f,NPS,1.34303E+12,14,,1.35279E+12,READING,28073.20313,,,2012,43,"1=116776.67843137185, 7=667.2039215686276, 8=4415.101960784314, 5=32.34117647058824, 11=141.67058823529413, 10=685.1843137254903",
00004eaa3f104856b69b,USFS,,0,,,HIRZ,46458.10069,N,Infrared Image,2018,49,"1=133008.8549019608, 7=129.6392156862745, 6=2329.9176470588236, 5=60625.57254901962, 8=12218.756862745096, 9=6.11764705882353, 10=26.96078431372549",
000000d65ff5a37187cb,USF,1.34527E+12,1,,1.35149E+12,BAGLEY,46040.14844,,,2012,43,"1=170881.49411764657, 7=231.04313725490198, 8=13930.713725490195, 6=46.0, 10=12.235294117647058, 5=21790.09019607846",
00004ca967afa634acb3,USFS,,0,,,DELTA,63505.60025,N,Mixed Methods,2018,49,"1=222759.74117646925, 7=1169.7019607843138, 6=1410.6823529411763, 5=35808.22745098046, 8=20038.325490196083, 9=1054.0156862745098, 11=54.0, 10=578.364705882353",
0000352879a105734fd0,USF,1.50243E+12,1,,1.51056E+12,WALLOW,63785.07031,,,2017,48,"1=220305.89803921393, 7=355.0156862745098, 8=57065.196078431225, 11=713.4431372549019, 5=4179.070588235293, 10=316.043137254902",
00003bf10ed58e36c281,USF,1.40774E+12,1,,1.41206E+12,FRYING PAN,133177.375,,,2014,45,"1=529001.0313725453, 7=11054.66666666674, 6=23.0, 5=23933.172549019655, 8=30684.329411764822, 9=161.52549019607847, 10=165.8745098039216",
00003077efc49c35fdfb,USF,1.21671E+12,1,,1.22397E+12,PANTHER,44497.17578,,,2008,39,"1=167514.3843137243, 7=608.7960784313725, 8=24269.07843137265, 9=111.54117647058823, 5=6819.792156862746, 10=303.8196078431372",
0000874def183af59f5a,USF,1.47228E+12,7,,,GAP,33011.44141,,,2016,47,"1=130711.8862745097, 7=3246.6431372549, 6=1.5294117647058822, 5=9665.85098039216, 8=4490.403921568626, 9=2.411764705882353, 11=33.26274509803922, 10=46.92941176470585",
00004bc6a995ca3e6428,USF,1.4067E+12,1,,1.41275E+12,BEAVER,32493.39648,,,2014,45,"1=98597.752941176, 7=7932.741176470569, 8=17186.952941176572, 9=296.1411764705882, 5=21788.243137254995, 10=4.125490196078431",
0000ecb30110522e9551,State Agency,,0,,,KLAMATHON,38008.78822,N,Unknown,2018,49,"1=11104.913725490238, 2=13282.760784313747, 7=30942.4901960786, 5=18970.164705882427, 8=28509.807843137347, 9=1186.764705882353, 11=3.0, 10=111.6196078431373",
00005fd5326b1d92bb4c,OTH,1.4067E+12,1,,1.40791E+12,OREGON GULCH,35111.24609,,,2014,45,"1=955.4, 2=555.8196078431371, 7=2177.9999999999995, 5=1681.58431372549, 8=2602.1137254901964, 9=0.06274509803921569, 11=43.83137254901962, 10=17.925490196078417",
0000c1f19090769350f9,USF,1.50235E+12,1,,1.51557E+12,ABNEY,32893.26172,,,2017,48,"1=58300.87058823507, 7=89.0, 8=9069.654901960783, 9=11.0, 5=344.505882352941, 10=19.105882352941176",
0000a42bdc823a67cbdd,USF,1.34415E+12,1,,1.34907E+12,GOFF,22266.94531,,,2012,43,"1=64627.12941176435, 7=43.87843137254904, 8=25406.505882353114, 9=57.17647058823531, 5=8353.807843137256, 10=13.062745098039214",
00005fc2af26d3b5a83a,USFS,,0,,,Natchez,38657.99845,N,Infrared Image,2018,49,"1=132974.34901960724, 7=64.5686274509804, 8=23049.56470588247, 10=153.49411764705883, 11=281.27450980392155, 5=241.47450980392156",
0000d7e637f15143746f,USF,1.43833E+12,1,,1.44627E+12,BEAR,11616.88086,,,2015,46,"1=48402.3176470586, 8=1863.3647058823524, 7=2.933333333333333, 10=7.364705882352941, 5=1727.3372549019607",
00006a1d4b93116ec6b6,USF,1.50243E+12,1,,1.50762E+12,OAK,91125.32813,,,2017,48,"1=328740.51764705614, 7=1662.545098039215, 5=11486.58823529413, 8=65038.01960784293, 9=50.878431372549024, 11=33.0, 10=197.41568627450982",
0000ff3f2fb8ea7f7867,USF,1.18405E+12,1,,1.19693E+12,KING CREEK,10477.37891,,,2007,38,"1=32487.20000000012, 7=20.584313725490198, 8=1307.7686274509801, 9=180.23529411764707, 5=975.0823529411767, 10=5.337254901960785",
00006998be439c38c41a,USF,1.21403E+12,1,,1.2168E+12,DARK,10389.6416,,,2008,39,"1=34765.43921568634, 7=921.3333333333333, 8=9261.090196078447, 9=1.807843137254902, 5=1588.9372549019597",
00009bbe2a989cb4833e,USF,1.21395E+12,1,,1.22302E+12,MILL,65882.03906,,,2008,39,"1=261843.0941176461, 8=20222.372549019612, 7=350.2392156862745, 9=70.26666666666667, 10=95.42745098039218, 5=12783.725490196075",
000064786df6a91dae46,USF,1.43841E+12,1,,1.44627E+12,PEAK,11524.46484,,,2015,46,"1=48311.89803921586, 7=13.24705882352941, 8=2360.3725490196084, 9=21.713725490196076, 5=987.8745098039213, 10=25.0",
00005285e6d1d929a67c,USF,1.21403E+12,1,,1.22302E+12,BLUE 2,17552.39453,,,2008,39,"1=66028.5960784315, 7=148.0, 8=1818.392156862745, 9=39.68627450980392, 10=5.0, 5=10607.98431372549",
00007938d655fd762d2d,USF,1.37612E+12,1,,1.3807E+12,CORRAL,12541.41504,,,2013,44,"1=24711.525490196396, 7=1950.4, 8=26669.015686274608, 5=3033.5921568627464",
00002c0110300bf7c3da,USF,1.37525E+12,7,,1.38061E+12,BUTLER,22444.86133,,,2013,44,"1=72087.59607843163, 7=615.7490196078428, 8=9826.298039215686, 9=7.650980392156862, 10=77.61960784313729, 5=18201.337254901962",
000093c2184eb84b10ad,USF,1.21403E+12,1,,1.22302E+12,JAKE,38416.58203,,,2008,39,"1=130964.60392156786, 7=302.4196078431372, 6=23.341176470588238, 5=15499.933333333376, 8=24806.843137254942, 9=11.0, 11=552.0980392156863, 10=235.43137254901947",
0000e6b3e0e7a1e4da5d,USF,1.37525E+12,7,,1.37741E+12,SALMON COMPLEX,14785.87598,,,2013,44,"1=50322.44705882322, 7=36.33333333333334, 8=9278.431372549025, 5=6777.396078431367, 10=1.5764705882352943",
0000a457a5eb1a67ae4e,USF,1.15372E+12,1,,1.16115E+12,SOMES,15506.20117,,,2006,37,"1=52862.160784313535, 7=5106.317647058823, 6=10.329411764705883, 5=7602.807843137256, 8=3256.6392156862744, 9=269.6039215686273, 10=19.294117647058812",
00002f43dcf7d7bf83d1,USF,1.50235E+12,1,,1.50814E+12,HAYPRESS,21317.93164,,,2017,48,"1=92917.01176470569, 7=168.21960784313723, 8=848.6274509803923, 9=1.0, 5=1903.1490196078423",
000033352263ad2ee969,USF,1.15372E+12,1,,1.1634E+12,HANCOCK,21866.13086,,,2006,37,"1=69921.88235294068, 7=9458.513725490198, 8=11222.925490196107, 5=6868.533333333332, 11=11.549019607843139, 10=28.305882352941172",
0000a9e3f27672044e33,USF,1.21403E+12,1,,1.22302E+12,HAYPRESS,13664.68262,,,2008,39,"1=58454.133333332924, 7=123.29019607843138, 8=1157.294117647059, 5=1688.6117647058816",
0000deda0cd048708316,USF,1.4067E+12,1,,1.41163E+12,WHITES,33794.4375,,,2014,45,"1=124125.2549019605, 7=284.99999999999994, 8=17906.66274509809, 9=33.772549019607844, 5=8493.941176470587, 10=165.6",
0000cccba0a56a0c5d9c,USF,1.21403E+12,1,,1.22941E+12,CARIBOU,13126.68359,,,2008,39,"1=54130.70980392171, 7=353.93333333333334, 8=2926.670588235296, 9=0.6392156862745098, 5=1307.070588235294, 10=0.3764705882352941",
00003e7a91536d147c58,USF,1.15364E+12,1,,1.16487E+12,BAKE-OVEN,65050.05078,,,2006,37,"1=185791.0588235291, 7=22116.2431372549, 8=38288.78039215696, 11=8.0, 5=19533.780392156863, 10=12.0",
0000033bc414bb4a2db0,USF,1.43824E+12,1,,1.43902E+12,HAPPY,68095.24219,,,2015,46,"1=247029.14901960726, 7=4234.984313725488, 6=71.0, 5=33986.960784313764, 8=20274.760784313734, 9=15.0, 11=0.592156862745098",
0000bcc0ad4a54134322,USF,1.15718E+12,9,,1.16046E+12,PIGEON,35093.76563,,,2006,37,"1=92900.79607843087, 7=621.2823529411761, 8=15848.105882352977, 6=420.835294117647, 5=18886.356862745142, 10=5.0",
000087e28ffd13d5b02d,USF,1.21403E+12,1,,1.21749E+12,BUCKHORN,29814.30859,,,2008,39,"1=107534.23529411672, 7=413.83529411764704, 8=10823.470588235374, 6=492.7999999999999, 5=14252.396078431433",
00006c86a0703ed3cc38,USFS,,0,,,CARR,229651.3995,N,Mixed Methods,2018,49,"1=548485.654901959, 7=13939.199999999999, 6=93388.10196078397, 5=235554.20392156823, 8=127778.4588235291, 9=1035.0784313725485, 11=28.0, 10=2353.8352941176445",
0000f7df8f35f31f221b,USF,1.50408E+12,9,,1.51065E+12,HELENA,18493.70703,,,2017,48,"1=55020.13725490185, 7=820.9372549019606, 8=7256.850980392155, 6=972.6313725490196, 10=287.7686274509803, 5=17723.807843137278",
0000cce9c9c0b74282d9,USF,1.21403E+12,1,,1.2231E+12,EAGLE,32023.89453,,,2008,39,"1=129723.00392156825, 7=1192.2078431372547, 8=2202.3999999999996, 6=415.5725490196079, 5=9676.29411764706, 10=239.23137254901943",
000072900d8b4b3fe539,CDF,1.09247E+12,14,,1.09264E+12,FRENCH,12675.35059,,,2004,35,"1=15109.19215686274, 7=4081.588235294118, 6=9170.24705882353, 5=16069.474509803937, 8=11927.054901960786, 9=83.0, 10=7.0",
000089c53fcb14b9e1c9,USF,1.21395E+12,1,,,SHU LIGHTNING-MOTION FIRE,28329.74023,,,2008,39,"1=67526.73725490177, 7=506.87843137254896, 6=8473.53333333334, 5=23140.96078431375, 8=26201.756862745195, 9=6.870588235294117, 10=100.97647058823532",
0000e8fbb681eddb9ef3,CDF,1.09221E+12,2,,1.09437E+12,BEAR,10441.7207,,,2004,35,"1=8610.95294117647, 7=2937.203921568627, 6=5783.031372549017, 5=7474.5098039215645, 8=21349.905882352963, 9=328.756862745098, 10=230.73725490196125",
0000475fa9868f6dc730,CDF,1.34527E+12,1,,1.35003E+12,PONDEROSA,27670.37891,,,2012,43,"1=80237.21176470586, 7=5303.545098039216, 6=4674.203921568624, 5=16961.682352941207, 8=15327.400000000043, 9=34.75686274509805, 11=536.0, 10=68.34117647058824",
00008276962c9bc4bc45,USF,1.21395E+12,1,,,SHU LIGHTNING-MOON FIRE,35312.21875,,,2008,39,"1=112669.15686274477, 7=1887.4705882352941, 8=16154.86274509805, 6=18760.517647058874, 5=9304.19607843137",
00009eab1aaca0198b1e,CDF,1.40506E+12,10,,1.4061E+12,BULLY,12658.74121,,,2014,45,"1=18779.811764705948, 7=305.2666666666667, 8=25307.745098039253, 6=6286.392156862747, 5=6243.945098039216",
0000f71a9830bad9e285,USF,1.21395E+12,1,,,SHU LIGHTNING-DEERLICK FIRE,12976.93262,,,2008,39,"1=22972.050980392203, 7=268.6313725490196, 8=19910.78823529413, 6=3386.5137254901947, 5=11649.988235294135",
0000dc725ae2d1553d44,USF,1.43824E+12,1,,1.44619E+12,SHEILL,15390.64844,,,2015,46,"1=63339.69803921584, 7=257.40784313725493, 8=3799.3999999999996, 6=1295.0431372549017, 5=329.964705882353",
000042be5e9728715955,USF,1.21403E+12,1,,1.2155E+12,NOBLE,12984.69922,,,2008,39,"1=13826.356862745171, 7=554.6509803921568, 8=23666.37647058835, 6=12282.396078431411, 5=8041.454901960781, 10=13.0",
00003dedcabb029573ea,USF,1.21403E+12,1,,1.21947E+12,IRON,30660.01758,,,2008,39,"1=103810.76078431332, 7=1153.5215686274507, 8=16847.27058823532, 6=320.0156862745098, 11=134.74117647058824, 5=15224.584313725558",
0000c383c56528bffe78,USF,1.5052E+12,1,,1.50935E+12,BUCK,13357.28223,,,2017,48,"1=47855.67450980391, 7=1479.9803921568625, 8=9707.376470588239, 5=239.3843137254901, 11=387.65098039215684, 10=23.0",
00000886184cecf5f39b,USF,1.21412E+12,1,,1.21438E+12,VINEGAR,14544.00391,,,2008,39,"1=52811.0941176469, 7=2453.211764705882, 6=6.44313725490196, 5=4000.007843137255, 8=4142.819607843137, 11=107.0, 10=11.0",
0000b1baaea32684f790,USF,1.21403E+12,1,,1.22717E+12,YELLOW,31932.86914,,,2008,39,"1=135813.69803921538, 7=241.6196078431373, 2=26.0, 8=1308.776470588235, 10=2.76078431372549, 5=4332.419607843135",
000019dc85ac3ab82b49,USF,1.34E+12,1,,1.34873E+12,NORTH PASS,41812.51953,,,2012,43,"1=116165.16862745091, 7=3699.0313725490187, 6=2208.2980392156865, 5=50661.85490196085, 8=9574.956862745097, 11=105.0, 10=989.1568627450976",
0000f25c4d85a5cb83b9,USF,1.43824E+12,1,,1.44109E+12,PICKETT,11012.80273,,,2015,46,"1=40323.811764706, 7=1289.6627450980393, 8=2250.2862745098037, 9=58.3607843137255, 5=5358.086274509802, 10=16.015686274509804",
00002b4f342f711daa30,USF,1.21395E+12,1,,1.21861E+12,LIME,24884.73828,,,2008,39,"1=104386.13333333234, 8=1423.662745098039, 7=642.3137254901959, 10=219.2156862745098, 11=82.09411764705882, 5=4305.254901960783",
0000c48480d91a6a5df4,USF,1.43824E+12,1,,1.44152E+12,LASSICS,18192.0332,,,2015,46,"1=78007.58431372515, 7=614.5607843137254, 8=388.3647058823529, 6=54.0, 5=1420.5803921568622, 10=9.047058823529412",
00000c0d0a6956d493af,USF,1.43824E+12,1,,1.44619E+12,JOHNSON,17821.10742,,,2015,46,"1=73162.50196078385, 7=1754.9568627450979, 8=1521.0313725490194, 9=19.0, 5=3585.541176470589, 10=3.0",
000065ef13a2e8e6862d,USF,1.43824E+12,1,,,BLAKE,11439.25195,,,2015,46,"1=48394.760784313476, 7=176.52941176470586, 8=378.30588235294124, 9=3.7490196078431373, 11=20.0, 5=2460.6078431372543",
0000b4bb5203466b6229,USF,1.43504E+12,4,,1.43504E+12,CASTLE,14253.95117,,,2015,46,"1=56787.980392157064, 7=384.9921568627453, 8=2236.36862745098, 5=4110.870588235293, 11=11.0, 10=27.741176470588233",
0000bf1912cd6c14ee51,USF,1.43824E+12,1,,1.43988E+12,PATTISON,12916.57227,,,2015,46,"1=53018.545098039445, 7=302.5490196078431, 8=1982.7098039215684, 6=106.43921568627451, 10=17.447058823529407, 5=2425.2078431372543",
00005fece5265c836113,USF,1.21403E+12,1,,1.22544E+12,MINERS,24876.33984,,,2008,39,"1=98014.86274509766, 7=158.56470588235288, 8=3393.1960784313733, 6=523.2117647058822, 5=9688.70980392157",
000037223f3e747d4b38,USF,1.21403E+12,1,,1.21749E+12,CEDAR-Iron Complex,25391.72656,,,2008,39,"1=98724.95294117645, 7=187.9450980392156, 6=0.6431372549019607, 5=12627.50588235294, 8=2362.8156862745095, 9=1.2627450980392156, 10=58.509803921568626",
00000e89f33b1198190b,USF,1.21395E+12,1,,1.21965E+12,HALF,15130.14648,,,2008,39,"1=44579.207843137134, 7=378.0588235294117, 8=1394.7215686274512, 9=29.447058823529414, 5=20876.380392156883, 10=310.4196078431372",
00003249be3b4533e3e1,USF,1.21395E+12,1,,1.21749E+12,IRONSIDE-Iron Complex,12834.11523,,,2008,39,"1=35238.15294117652, 7=37.972549019607854, 6=1310.2117647058824, 5=19944.929411764733, 8=659.2274509803921, 9=36.501960784313724, 10=5.862745098039214",
000043a48ac9247c20db,CDF,1.06266E+12,1,,1.06551E+12,HONEYDEW,11794.32813,,,2003,34,"1=40108.27058823525, 7=2157.82745098039, 8=2385.478431372549, 6=142.0, 5=6543.403921568628, 10=197.72549019607848",
00002e1e94e69fca5445,CDF,1.06257E+12,1,,1.06542E+12,CANOE,11043.56445,,,2003,34,"1=47757.83137254887, 7=1500.501960784314, 5=356.5098039215686, 10=32.321568627450986",
00008e49ef6fe6f77493,CDF,1.4067E+12,1,,1.41102E+12,LODGE,12533.18359,,,2014,45,"1=48057.33725490182, 7=131.36862745098043, 8=292.0509803921568, 5=7530.454901960782, 10=251.08627450980393",
0000e8e2faee58755d04,CDF,,0,Mendocino Complex,,RIVER,48920.39969,Y,Mixed Methods,2018,49,"1=9185.929411764704, 7=9734.764705882351, 6=23649.443137254908, 5=20062.694117647086, 8=154029.88235294094, 9=5.952941176470588, 11=37.0, 10=66.04705882352941",
000082b4b313c97047fd,CDF,,0,Mendocino Complex,,RANCH,410202.5267,Y,Infrared Image,2018,49,"1=654493.6549019604, 7=87796.69803921592, 6=85362.91372549035, 5=288657.2196078428, 8=705114.6196078416, 9=1407.0588235294113, 11=376.68627450980387, 10=2370.160784313723",
00000d9731e4751d6909,CDF,,0,Mendocino Complex,,RANCH,410202.4633,Y,Mixed Methods,2018,49,"1=654459.7803921564, 7=87807.72549019632, 6=85375.62745098055, 5=288635.99999999965, 8=705137.3019607821, 9=1406.3725490196077, 11=376.68627450980387, 10=2367.2392156862734",
00009928ebb2019790d7,CDF,1.50745E+12,14,,1.50891E+12,REDWOOD VALLEY,36522.94531,,,2017,48,"1=30371.992156862783, 7=20769.380392156905, 6=6696.952941176467, 5=81508.45490196065, 8=16824.482352941177, 9=1055.5215686274505, 10=236.36862745098043",
0000e7925962146e40b6,USF,1.15372E+12,1,,1.15761E+12,HUNTER,16234.26758,,,2006,37,"1=30138.211764705993, 7=27981.858823529437, 6=61.26274509803922, 5=7219.745098039215, 8=6669.160784313724, 9=42.13725490196079, 11=3.0784313725490193",
0000a6a9f0692fcdde8b,CDF,1.21403E+12,1,,1.21472E+12,MILL,13511.75586,,,2008,39,"7=25957.960784313756, 8=13648.290196078431, 6=20190.25490196082, 5=659.2627450980393, 10=56.168627450980395",
000093106cb79d687e15,CDF,1.37724E+12,9,,1.37776E+12,DEER,11428.75293,,,2013,44,"7=22305.627450980435, 9=4.0, 8=1569.776470588235, 6=27226.411764705972, 5=179.86274509803923, 10=45.97647058823529",
000033549254126fcab1,CDF,1.21498E+12,1,,1.21688E+12,BTU LIGHTNING COMPLEX,53699.33203,,,2008,39,"1=161566.2823529407, 7=2507.7607843137253, 6=2118.96862745098, 5=42221.180392156886, 8=29397.972549019636, 9=173.98039215686276, 11=111.0, 10=1281.2666666666664",
000061bd3a8d129a76a2,CDF,,0,,,CAMP,145134.8106,N,Mixed Methods,2018,49,"1=194806.23137254815, 7=94252.67450980352, 6=178766.4941176466, 5=107802.78431372542, 8=42010.59215686275, 9=22332.917647058875, 11=788.3333333333333, 10=4805.999999999992",
0000337fc888239efc92,CDF,1.21317E+12,7,,1.2136E+12,HUMBOLDT,23344.33398,,,2008,39,"7=31678.298039215835, 6=65982.10588235284, 5=1384.8470588235293, 8=1507.4627450980392, 9=2819.86274509804, 11=25.615686274509805, 10=103.32941176470591",
0000c3e488270adc3f57,CDF,1.34674E+12,7,,1.34769E+12,SIXTEEN_COMPLEX,17942.14844,,,2012,43,"7=2971.5098039215695, 6=38719.447058823614, 5=17175.933333333363, 8=21772.505882353005, 9=10.0, 11=1.0, 10=15.329411764705881",
00008eb554ec518fe975,CDF,1.43815E+12,9,,1.43954E+12,ROCKY,69438.16406,,,2015,46,"1=3521.6039215686264, 7=26418.635294117674, 6=77485.44705882325, 5=32064.21568627457, 8=164679.0823529405, 9=503.02352941176446, 11=284.3137254901961, 10=2300.7372549019615",
00004ca1d0a6b79c21f0,CDF,1.21412E+12,10,,1.21524E+12,WALKER,11172.99707,,,2008,39,"1=495.792156862745, 7=2810.054901960784, 8=41570.835294117824, 6=5116.917647058823, 5=223.0, 10=9.301960784313726",
00003fd88dac2820db4a,CDF,,0,,,PAWNEE,15197.22015,N,GPS-Flight,2018,49,"1=363.69803921568626, 7=1986.7843137254904, 6=11832.698039215684, 5=1354.0823529411762, 8=51787.5843137257, 9=421.964705882353, 11=20.0, 10=400.5450980392149",
0000f89e2f111aac3e43,CDF,1.44204E+12,14,,1.44411E+12,VALLEY,76084.83594,,,2015,46,"1=100734.04313725492, 7=25098.082352941237, 6=67713.84313725507, 5=27586.30588235298, 8=82314.87450980415, 9=1826.18431372549, 11=1.7647058823529411, 10=2582.964705882353",
00000175024cfb9f7406,USF,1.34164E+12,9,,1.34259E+12,MILL,29525.45117,,,2012,43,"1=41895.21176470569, 7=4641.066666666663, 6=10679.650980392158, 5=10551.650980392158, 8=64587.392156862814, 9=173.55686274509802, 10=24.04705882352941",
0000d910bf1fa902afe7,USF,9.97254E+11,9,,9.98291E+11,TROUGH,24927.33789,,,2001,32,"1=40252.45490196075, 7=15694.403921568668, 6=2559.0980392156866, 5=16784.780392156874, 8=33269.89803921575, 9=64.09019607843138, 11=44.0, 10=70.0",
0000c20daa6e1a5ed4fb,CDF,1.50745E+12,14,,1.50952E+12,POCKET,17359.32813,,,2017,48,"1=691.6313725490195, 7=12219.66274509804, 6=7156.607843137253, 5=41252.83529411784, 8=15754.12549019608, 9=6.262745098039216, 10=63.0",
0000eef3f43838780444,CDF,1.09419E+12,2,,1.09523E+12,GEYSERS,12244.39941,,,2004,35,"1=15206.98823529414, 7=8692.400000000016, 8=17761.73333333337, 6=2162.074509803921, 5=10748.560784313757, 10=13.749019607843138",
0000f5fd1990225e7955,CDF,1.50745E+12,14,,1.50952E+12,TUBBS,36701.98438,,,2017,48,"1=31650.168627451047, 7=30748.882352941204, 6=8682.003921568628, 5=68125.86666666652, 8=15214.380392156874, 9=7595.619607843132, 11=4.0, 10=408.2117647058824",
0000575c0c375116027b,CDF,1.50745E+12,14,,1.50943E+12,NUNS,55798.19141,,,2017,48,"1=50576.56078431371, 3=18.0, 7=33766.913725490325, 6=32449.364705882497, 5=69263.81960784303, 8=44812.450980392125, 9=2912.8588235294105, 11=3.0, 10=691.1294117647058",
0000c1f58fc98c5dfaf2,CDF,1.4391E+12,14,,1.4404E+12,JERUSALEM,25118.37695,,,2015,46,"1=9117.447058823529, 2=7.0, 7=13535.364705882374, 6=10543.364705882363, 5=4996.501960784313, 8=71398.0235294115, 9=1572.9372549019604, 11=562.4980392156863, 10=268.0470588235294",
00008889359d542aba28,CDF,1.09739E+12,7,,1.098E+12,RUMSEY,38763.01563,,,2004,35,"1=208.55294117647057, 7=21076.25490196082, 6=48816.79607843139, 5=35788.85490196085, 8=67460.97647058842, 9=16.6, 11=15.156862745098039, 10=86.6666666666667",
0000d1581e199574f821,CDF,,0,,,COUNTY,89776.54352,N,Infrared Image,2018,49,"2=12.0, 7=41848.86666666678, 6=156140.0509803916, 5=109154.37647058805, 8=92308.7137254901, 9=83.44313725490197, 11=237.2156862745098, 10=263.0666666666673",
00005b9e0da340cc1c61,LRA,1.15891E+12,14,,1.15891E+12,ZAM ASSIST,13968.875,,,2006,37,"7=44354.13333333341, 9=9.56078431372549, 6=56.61568627450981, 10=14.466666666666667",
0000c54b0f0f3ddb4983,CDF,1.50745E+12,14,,1.50952E+12,ATLAS,51624.65625,,,2017,48,"1=570.3098039215686, 7=32251.254901960907, 6=49506.2549019609, 5=68445.41568627451, 8=65070.38823529417, 9=4025.1764705882383, 11=540.3411764705883, 10=1367.6039215686274",
00005b6cf2acb0021fb0,USF,1.21403E+12,1,,1.21714E+12,BASIN COMPLEX,163606.6875,,,2008,39,"1=51138.89019607851, 7=17324.992156862776, 6=100162.56078431373, 5=53115.972549019665, 8=512467.59999999765, 9=58.176470588235304, 10=125.80392156862746",
0000122d0d172e48043f,CDF,1.46917E+12,4,,1.47634E+12,SOBERANES,132104.2813,,,2016,47,"1=49596.16862745104, 7=13877.533333333333, 6=121645.70980392172, 5=84808.72941176468, 8=323116.82352940866, 9=13.650980392156862, 10=25.588235294117645",
0000496096ec1bc531bd,CDF,1.25015E+12,9,,1.25075E+12,CORRAL,12242.76074,,,2009,40,"8=2270.4196078431373, 6=15601.623529411769, 7=37177.06666666675",
0000bc5b152c9469fc5e,CDF,1.44187E+12,14,,1.44342E+12,BUTTE,70846.53125,,,2015,46,"1=108345.25098039219, 7=19353.92156862747, 6=84248.219607843, 5=66979.56078431386, 8=36553.40784313732, 9=2014.705882352941, 11=8.0, 10=442.43137254901967",
000011588e128bde7337,CDF,9.99673E+11,14,,1.00131E+12,DARBY,14280.47754,,,2001,32,"1=14793.66274509806, 7=6932.137254901956, 6=1160.7803921568625, 5=16472.49019607851, 8=24292.956862745126, 9=0.6352941176470588, 10=4.76078431372549",
0000b8fb3098b6d79211,USF,1.37672E+12,4,,1.3826E+12,RIM,256175.5313,,,2013,44,"1=752573.96078431, 7=89049.41176470587, 6=8706.30980392157, 5=144385.89411764703, 8=143159.49803921557, 9=486.9490196078431, 11=2592.9607843137255, 10=2536.031372549019",
0000ef771e4678bba551,CDF,9.98118E+11,7,,9.98636E+11,CREEK FIRE,11095.11914,,,2001,32,"1=7131.372549019603, 7=2024.4823529411767, 6=12388.709803921593, 5=5052.69019607843, 8=23012.180392156915, 9=118.93333333333334, 10=23.0",
0000c709a9997cc58094,CDF,1.50019E+12,9,,1.50416E+12,DETWILER,81826.27344,,,2017,48,"1=972.9921568627451, 2=53.0, 7=32323.203921568733, 6=195376.62352941104, 5=25295.125490196133, 8=106597.98039215701, 9=2302.623529411764, 11=60.898039215686275, 10=3858.360784313725",
0000e406be2f3e574780,CDF,1.06197E+12,1,,1.06387E+12,ANNIE,18210.40039,,,2003,34,"7=16660.262745098124, 8=21182.490196078474, 6=44031.2549019607, 10=5.0",
0000ea004d44f40d8356,CDF,1.15243E+12,14,,1.15442E+12,CANYON,34217.51563,,,2006,37,"2=225.09803921568627, 7=11543.80784313727, 6=61609.031372548794, 5=283.18431372549026, 8=79864.21960784282, 9=329.70196078431377, 10=1.0",
0000df3e72d29248e6d9,CDF,1.1888E+12,5,,1.18984E+12,LICK,47748.27344,,,2007,38,"1=326.53725490196075, 7=8001.117647058825, 6=101419.40784313703, 5=14599.49019607844, 8=89553.22352941168, 9=371.5137254901961, 10=220.0",
00009e213378e0d22225,USF,1.21291E+12,4,,1.21567E+12,INDIANS,76459.78125,,,2008,39,"1=1529.521568627451, 7=11874.243137254962, 6=36862.34509803919, 5=13115.392156862748, 8=276827.01960784284, 11=23.0, 10=36.25882352941177",
00001f51f95482acb71b,USF,1.2225E+12,9,,1.22535E+12,CHALK,16265.77051,,,2008,39,"1=13437.384313725492, 7=6150.827450980392, 6=11961.866666666665, 5=2877.007843137254, 8=38642.4235294119, 9=1.4901960784313724, 11=30.309803921568623",
00002af0f3fadde5282a,CDF,1.47107E+12,10,,1.4734E+12,CHIMNEY,46233.91797,,,2016,47,"1=3042.690196078431, 7=17040.39215686274, 8=72786.47450980394, 6=107057.2470588233, 5=5831.96862745098, 10=2051.286274509804",
0000484c92cf4c42797c,CDF,1.15355E+12,1,,1.15398E+12,RICO,14509.4248,,,2006,37,"7=16791.42745098039, 8=31505.57647058829, 6=15989.29019607844, 5=940.1333333333333",
0000b4d307d0b91ad641,CDF,1.49509E+12,2,,1.49552E+12,ELM,11146.75488,,,2017,48,"3=313.9921568627451, 2=261.84705882352944, 7=41800.35686274506, 6=4347.160784313724, 4=16.823529411764707, 5=22.0, 8=3345.439215686275",
000017d3efd10e65c9c4,CDF,1.49958E+12,10,,1.50097E+12,GARZA,48886.66406,,,2017,48,"1=6299.356862745099, 3=57.0, 7=47975.14509803896, 6=103025.58431372538, 4=32.0, 5=14168.74509803922, 8=48249.305882352826, 10=4.0",
00004d8292e7214f1b5b,USF,1.43833E+12,1,,1.4468E+12,ROUGH,151546.8125,,,2015,46,"1=294507.34117647, 2=1319.972549019608, 7=19981.799999999996, 6=20964.137254901958, 5=190416.5686274509, 8=131710.50196078426, 11=2020.4588235294113, 10=1399.807843137255",
000048b76024f348eb58,NPS,1.21645E+12,1,,1.22812E+12,TEHIPITE,11648.0918,,,2008,39,"1=47180.74509803906, 2=1185.4352941176467, 7=88.70196078431373, 5=1538.7882352941187, 8=700.4901960784314, 11=652.356862745098, 10=3.4823529411764698",
00007730708df41815d3,USF,1.37448E+12,1,,1.37862E+12,ASPEN,22937.52148,,,2013,44,"1=76569.67058823486, 5=13620.43529411769, 8=11795.92549019609, 6=70.14117647058826, 11=120.87058823529412, 10=177.13333333333347",
0000a38fb5c0b7b623a4,USF,1.40644E+12,4,,1.40835E+12,FRENCH,13831.63867,,,2014,45,"1=33251.874509804, 7=64.93333333333334, 8=6147.317647058816, 6=126.05882352941177, 5=21127.933333333393, 10=30.094117647058823",
0000aae5becc9ad3c2e4,BLM,1.34441E+12,1,,1.34579E+12,INDIAN,12575.23828,,,2012,43,"8=55114.8784313723, 3=494.7607843137254, 2=928.913725490196",
0000d52af3e2bd2190dc,USFS,,0,,,LIONS,13461.36214,N,Mixed Methods,2018,49,"1=45145.501960784226, 7=601.0, 8=10312.941176470646, 5=1803.4980392156856, 11=880.8549019607843, 10=10.0",
00003992bc35aeb4050d,USF,1.50399E+12,9,,1.51099E+12,RAILROAD,12371.14844,,,2017,48,"1=49990.96078431379, 7=69.54509803921569, 8=1496.7372549019608, 10=60.905882352941184, 11=204.33333333333331, 5=3706.843137254904",
00009e0a2d0c840f3c3b,USFS,,0,,,FERGUSON,96831.20729,N,Mixed Methods,2018,49,"1=186448.04313725443, 7=16598.482352941173, 6=7213.988235294117, 5=143385.5529411763, 8=78790.82745098043, 9=140.52549019607844, 11=102.43137254901961, 10=1318.9882352941177",
00006cceea414b496a9c,CDF,1.21697E+12,9,,1.21757E+12,TELEGRAPH,34083.80078,,,2008,39,"1=7092.152941176471, 7=5177.09019607843, 6=30406.80784313746, 5=37809.36078431379, 8=70223.74509803897, 9=640.5333333333333, 11=16.0, 10=612.4235294117645",
0000d902c9423cae829d,USFS,,0,,,DONNELL,36544.61946,N,Infrared Image,2018,49,"1=118243.6313725479, 7=1926.1999999999991, 5=2179.180392156863, 8=37869.556862745216, 9=109.64705882352943, 11=280.8078431372549, 10=41.71372549019607",
0000e98a183a76a81298,USF,1.02412E+12,4,,1.0268E+12,CANNON,26684.13477,,,2002,33,"1=9844.698039215693, 2=40561.97254901957, 7=3230.843137254904, 5=1400.9098039215683, 8=63491.64705882341, 9=255.56470588235294, 11=84.30588235294118, 10=122.89019607843137",
000088c1eabc5139422d,USF,1.37681E+12,1,,1.37759E+12,SPRING PEAK,14267.09277,,,2013,44,"1=98.0, 2=7637.8509803921515, 8=56217.90980392159, 5=0.12549019607843137, 10=0.06274509803921569",
0000e8ea502352913125,CDF,9.92761E+11,4,,,MARTIS,14126.81934,,,2001,32,"1=15054.415686274497, 2=10.35686274509804, 7=11871.709803921567, 5=1285.3725490196077, 8=31169.96862745102, 9=264.7607843137255, 11=3.607843137254902, 10=229.27450980392155",
00000e4ff151b52062b6,USF,1.43729E+12,1,,1.4201E+12,WASHINGTON,17779.53906,,,2015,46,"1=31105.768627451074, 2=8066.90196078431, 7=241.1921568627451, 5=594.6156862745095, 8=38697.59607843135, 11=29.823529411764707, 10=16.56470588235294",
00005c27bff43ad92b01,USF,1.09705E+12,2,,1.09834E+12,POWER,16983.07031,,,2004,35,"1=36025.184313725484, 7=28924.125490196097, 5=7629.839215686274, 8=2005.878431372548, 9=0.2196078431372549, 11=26.0, 10=2.5725490196078433",
00007f0f4348f4ccbe8f,USF,1.41059E+12,7,,1.41292E+12,KING,97684.54688,,,2014,45,"1=353014.4313725466, 7=6551.070588235291, 6=83.55686274509804, 5=58838.862745098115, 8=15494.023529411767, 9=386.5333333333334, 11=181.0, 10=439.9607843137257",
00006f8d6b4dcb3b1372,USF,9.98723E+11,9,,1.00114E+12,STAR,16464.60156,,,2001,32,"1=44726.80392156879, 7=8268.811764705883, 5=6335.53725490196, 8=13604.333333333332, 9=9.0, 11=24.0, 10=55.26666666666667",
00005fc9ae28746a6e8d,USF,1.37612E+12,9,,1.38122E+12,AMERICAN,27430.52148,,,2013,44,"1=106679.87058823483, 8=7337.376470588235, 5=8559.368627450978, 10=132.04313725490198",
00002c7bbca63621d7e3,USF,1.21403E+12,1,,1.21757E+12,WESTVILLE,11090.15332,,,2008,39,"1=39759.580392156684, 8=4494.870588235292, 5=5016.164705882355, 10=66.12156862745107",
0000e07c5aec823aa654,USF,1.18362E+12,1,,1.185E+12,WHEELER,22331.92383,,,2007,38,"1=88785.05098039134, 7=2608.2588235294124, 6=1.4823529411764707, 5=887.8039215686273, 8=8010.552941176473, 11=78.29019607843136, 10=18.996078431372545",
000006fcf1e79230a3a4,USF,1.21403E+12,1,,1.22017E+12,SOUTH-FREY,12401.95313,,,2008,39,"1=46485.40784313716, 8=661.3019607843136, 7=24.0, 10=79.31372549019612, 5=8192.6431372549",
000032049c9ee2638d6a,CDF,1.50745E+12,14,,1.509E+12,CASCADE,16140.79883,,,2017,48,"7=12128.235294117658, 6=52761.90196078464, 5=2270.776470588235, 8=962.8235294117646, 9=3376.1725490196104, 11=171.78039215686275, 10=67.4235294117647",
00005fbb27e759f15774,USF,1.21403E+12,1,,1.22017E+12,SCOTCH,13008.35449,,,2008,39,"1=48568.83529411782, 7=58.0, 8=802.4666666666669, 5=7725.203921568625, 10=421.08235294117645",
00007986a6dae73ed07e,USF,9.66496E+11,6,,9.70038E+11,STORRIE,56076.33203,,,2000,31,"1=135784.57647058787, 7=3610.792156862744, 8=89408.16078431335, 10=1327.247058823529, 11=417.1215686274506, 5=9046.917647058825",
0000a31baeb767976d03,USF,1.34346E+12,4,,1.3464E+12,CHIPS,76349.71094,,,2012,43,"1=281715.04313725384, 8=48466.74117647042, 7=1131.2509803921566, 10=788.1529411764707, 11=316.7450980392157, 5=4776.729411764706",
0000ee877641fc029f13,USF,1.21403E+12,1,,1.21662E+12,CUB,14728.50391,,,2008,39,"1=41507.019607843235, 7=14220.701960784318, 8=8033.294117647058, 5=835.2745098039215, 10=182.85882352941175",
00000b3b33fd88958b87,USF,1.1888E+12,2,,1.1907E+12,MOONLIGHT,64959.95703,,,2007,38,"1=270927.0901960781, 7=6220.2235294117645, 8=5985.717647058823, 10=8.623529411764705, 11=242.0, 5=6781.799999999998",
000094bce945971a03b7,BLM,1.50408E+12,1,,1.50546E+12,R-4 PARSNIP,18601.98047,,,2017,48,8=2078.027450980393,
0000d6f4fd4d71493e7a,BLM,1.49976E+12,10,,1.50114E+12,LONG VALLEY,83581.41406,,,2017,48,"2=113.91764705882353, 3=3639.5647058823542, 7=505.27450980392155, 8=83249.2784313723, 11=162.43529411764706",
0000c9704d423dfb1649,USF,1.18371E+12,1,,1.18431E+12,OAK,27062.86914,,,2007,38,"1=673.3999999999997, 3=4540.254901960784, 2=382.83921568627454, 7=101337.44313725481, 6=20.29019607843137, 4=147.8, 5=320.1803921568627, 8=4746.772549019611, 9=0.4823529411764706, 11=2462.9176470588236, 10=9.24705882352941",
000018ab9003f4703790,USF,1.31011E+12,1,,1.32074E+12,LION,20681.53906,,,2011,42,"1=84566.72549019582, 7=358.37254901960785, 8=3519.36862745098, 5=143.5921568627451, 11=167.86666666666667, 10=15.0",
0000e8758719894e9b11,USF,1.50399E+12,7,,1.50408E+12,PIER,36619.42578,,,2017,48,"1=45156.14509803918, 7=3830.250980392157, 6=11454.756862745102, 5=73501.28235294108, 8=29652.1137254902, 9=1.2313725490196077, 11=268.6666666666667, 10=3.0",
0000b7670e4830f828a5,USF,1.50632E+12,1,,1.50961E+12,LION,18913.57617,,,2017,48,"1=71706.99607843117, 7=1217.6666666666665, 8=8123.890196078431, 10=2.2745098039215685, 11=212.6078431372549, 5=16.43137254901961",
000029efdad65a12cb72,USF,1.02723E+12,4,,1.03052E+12,MCNALLY,149475.2813,,,2002,33,"1=167893.25882352894, 2=788.5333333333333, 7=21559.65098039216, 6=195.0, 5=57121.22745098045, 8=411421.07058823423, 11=2954.9058823529413, 10=1226.4549019607844",
0000a45edc268bec912d,USF,1.49829E+12,1,,1.51073E+12,SCHAEFFER,15833.21191,,,2017,48,"1=18361.054901960837, 2=300.44313725490196, 7=1337.0, 5=2304.9333333333334, 8=48276.30980392144, 11=95.01568627450982, 10=4.8431372549019605",
0000027fea6c0379cbd6,USF,1.47133E+12,9,,1.47133E+12,CEDAR,29100.55859,,,2016,47,"1=68271.6196078432, 7=1758.3725490196073, 6=1332.525490196078, 5=27016.874509803965, 8=32121.494117647184, 9=34.0, 11=139.0, 10=3.0",
0000636a7225f1ca181b,USF,1.28004E+12,9,,1.28056E+12,BULL,16448.22461,,,2010,41,"1=1609.4274509803918, 2=123.99607843137255, 7=7335.062745098039, 6=2403.4745098039216, 5=9164.596078431374, 8=50511.45098039202, 9=5.188235294117646, 10=474.1686274509804",
0000684e7f9e84be6566,USF,9.64249E+11,9,,9.68224E+11,MANTER,79223.42969,,,2000,31,"1=21731.019607843195, 7=108732.63529411751, 2=41054.0745098037, 8=113522.61568627432, 11=1129.7058823529412, 5=37627.137254901914",
00000f94555cf27c4c1c,USF,1.21222E+12,1,,1.21282E+12,CLOVER,15788.58984,,,2008,39,"1=11583.050980392174, 3=3419.09411764706, 2=12856.160784313759, 7=363.29411764705884, 5=1624.2941176470586, 8=12833.5843137255, 11=347.7607843137255",
00006142b4235968fbc7,BLM,1.12167E+12,16,,1.12219E+12,CHINA LAKE,10357.56836,,,2005,36,"8=4633.654901960783, 3=39057.525490196014, 4=2880.0",
0000af3379a9fd2307f1,BLM,1.34458E+12,1,,1.34683E+12,JAWBONE COMPLEX,12015.20801,,,2012,43,"1=603.435294117647, 3=1004.0196078431376, 2=31116.913725490347, 7=9584.650980392164, 6=560.0470588235294, 5=877.686274509804, 8=9986.023529411774, 10=16.521568627450982",
00006f12a1d3ed0ac7ba,USF,1.21464E+12,9,,1.2174E+12,PIUTE,37346.24609,,,2008,39,"1=100868.8078431371, 3=2121.768627450981, 2=33305.84313725494, 7=918.7921568627451, 6=976.2666666666665, 5=15938.752941176463, 8=13206.513725490226, 11=147.0, 10=3.5607843137254904",
000047bd3d18f51f0284,BLM,1.46667E+12,14,,1.46727E+12,ERSKINE,48008.35156,,,2016,47,"1=23521.964705882423, 3=25904.039215686444, 2=32741.968627451002, 7=27527.396078431455, 6=4708.5568627450975, 4=461.0, 5=6076.69411764706, 8=92228.53725490144, 9=395.0549019607843, 10=681.7098039215682",
000025d42ba72f564c52,CCO,1.31564E+12,1,,1.31624E+12,BRECKENRIDGE COMPLEX,25223.41211,,,2011,42,"1=32.976470588235294, 7=85679.74117647039, 6=16480.839215686316, 5=4991.866666666664, 8=5447.396078431374, 9=20.71764705882352, 10=24.0",
000075675f29aa8d6ae8,CCO,1.08962E+12,9,,1.09057E+12,PINE,16271.65234,,,2004,35,"1=2272.61568627451, 3=2784.2705882352925, 2=86.49803921568628, 7=12729.611764705958, 6=2141.1294117647058, 4=39.0, 5=11658.91764705885, 8=40398.2588235293, 9=723.4352941176471, 11=22.95294117647059, 10=20.0",
0000799c452ba982a1fb,CCO,1.18267E+12,2,,1.1831E+12,WHITE,12432.16016,,,2007,38,"1=760.364705882353, 3=15764.466666666674, 2=18869.690196078456, 7=12564.478431372547, 6=21.380392156862747, 5=146.4313725490196, 8=7691.799999999999",
000010acf5f874d25a58,CCO,1.31512E+12,16,,1.31564E+12,CANYON,14585.35938,,,2011,42,"1=4026.7999999999993, 3=21623.286274509897, 2=19577.74509803928, 7=6029.019607843135, 6=1944.0862745098038, 4=43.0, 5=1671.6470588235295, 8=10556.796078431371, 9=20.745098039215687, 11=43.64705882352942, 10=14.0",
000054d6f2104f2ebf70,CCO,1.28039E+12,2,,1.28073E+12,CROWN,12582.27539,,,2010,41,"3=826.1137254901959, 2=4225.8313725490225, 7=7515.152941176462, 6=35.0, 4=69.27843137254902, 5=4231.521568627451, 8=38103.760784313665, 9=281.28235294117667, 10=23.08235294117646",
0000dbc776b2c383b8bf,CCO,1.19295E+12,8,,1.19295E+12,BUCKWEED,38347.47266,,,2007,38,"3=110.921568627451, 7=11954.839215686283, 6=1992.6549019607844, 5=226.7450980392157, 8=152536.08627450932, 9=3585.2392156862743, 10=228.0",
0000b8a33e5603c45a9b,CCO,1.02326E+12,2,,1.02387E+12,COPPER FIRE,19101.64453,,,2002,33,"3=92.56078431372552, 7=6479.211764705883, 6=1313.9490196078436, 5=103.03529411764707, 8=76824.93333333291, 9=660.8431372549019, 10=13.172549019607843",
00001a3d12cb9481eeb7,USF,1.3699E+12,9,,1.38735E+12,POWERHOUSE,30267.69141,,,2013,44,"1=939.0627450980392, 3=1587.486274509803, 2=29.0, 7=16252.768627451016, 6=4239.4, 4=24.0, 5=3753.713725490196, 8=104555.93333333328, 9=2123.690196078431, 11=37.0, 10=1323.7882352941176",
000054d48bd7909eb8c6,USF,1.19286E+12,2,,1.19511E+12,RANCH,58410.33594,,,2007,38,"1=364.52549019607835, 3=161.32549019607845, 7=26047.929411764784, 6=21789.317647058873, 5=3838.7960784313714, 8=205926.28235293974, 9=1306.9882352941174, 11=5.623529411764706, 10=197.54509803921587",
0000ad654267d61ff243,CCO,1.06707E+12,14,,,SIMI FIRE,107570.3984,,,2003,34,"1=1712.486274509804, 3=149.35686274509803, 7=80513.20392156855, 6=52419.549019607904, 5=18.011764705882353, 8=311419.117647058, 9=9955.772549019606, 11=1077.0509803921566, 10=365.1960784313726",
000071f445140bfd0b19,CCO,1.22388E+12,0,,,SESNON,14701.30762,,,2008,39,"1=140.93725490196078, 7=9740.043137254948, 9=1351.1098039215678, 8=45353.06274509784, 6=7922.698039215687",
0000ed591870ab033da7,CCO,1.12789E+12,14,,1.12893E+12,TOPANGA,23396.39063,,,2005,36,"7=21138.282352941245, 9=4565.788235294103, 8=68309.5215686268, 6=9262.635294117668, 11=28.0, 10=15.0",
0000eeb4efe8816d7942,USF,1.22665E+12,14,,1.22846E+12,SAYRE,11260.1875,,,2008,39,"1=378.11764705882365, 3=29.247058823529414, 7=1392.53725490196, 6=4577.239215686273, 5=1244.1333333333334, 8=38395.00784313731, 9=3625.254901960786, 11=13.0, 10=41.51764705882353",
0000327ffb1fd782cc6b,USF,1.46917E+12,2,,1.47055E+12,SAND,41382.85938,,,2016,47,"1=5541.203921568628, 3=690.1450980392157, 7=1613.5764705882352, 6=3973.3450980392154, 5=8083.768627450979, 8=162566.4039215682, 9=2093.0666666666652, 10=96.21960784313725",
00003869b1a08bd56605,USF,1.25127E+12,7,,1.2536E+12,STATION,160833.1094,,,2009,40,"1=96443.66666666664, 3=827.5843137254905, 2=1318.6431372549018, 7=1033.164705882353, 6=11742.105882352946, 5=61390.8627450981, 8=543389.9529411754, 9=1163.3803921568624, 11=0.18823529411764706, 10=676.5607843137255",
00007fe5065a1605b5ec,CCO,1.51246E+12,14,,1.51246E+12,CREEK,15619.14648,,,2017,48,"1=56.21568627450981, 3=2834.5411764705873, 7=977.1490196078433, 6=2436.1058823529406, 5=163.62745098039215, 8=56940.50588235271, 9=5169.796078431372, 11=48.26274509803922, 10=38.31372549019608",
000041bab8473b06ab9f,Local Agency,,0,,,WOOLSEY,99997.48858,N,Mixed Methods,2018,49,"7=41210.45882352945, 6=37615.6549019608, 5=129.0, 8=300651.6078431368, 9=61620.70980392182, 11=45.0, 10=1237.3882352941175",
0000fcb5356e6935a886,USF,1.09039E+12,2,,1.09074E+12,CROWN,11754.26563,,,2004,35,"1=40.14509803921568, 3=9232.317647058826, 2=9244.03137254902, 7=992.8470588235294, 6=228.81176470588235, 4=3.1843137254901963, 5=155.38823529411764, 8=32089.615686274643, 9=738.1411764705883, 10=14.658823529411764",
0000ee11b02d4c364f20,USF,1.47133E+12,9,,1.47219E+12,BLUE CUT,36266.69531,,,2016,47,"1=2477.886274509804, 3=12629.494117647078, 2=3858.7019607843135, 7=959.6549019607844, 6=332.18823529411776, 4=3204.176470588235, 5=7037.894117647058, 8=126725.21176470548, 9=4067.498039215685, 11=88.0, 10=277.6313725490196",
00004c38530e9fb4f3b0,USF,1.03086E+12,9,,1.03199E+12,CURVE,20870.75,,,2002,33,"1=30831.788235294207, 3=132.42352941176472, 7=49.0, 6=176.10196078431375, 5=16600.341176470592, 8=44674.654901960734, 9=381.05490196078426, 10=30.0",
0000da9e38186ad20dda,USF,1.03268E+12,7,,1.03423E+12,WILLIAMS,38118.95313,,,2002,33,"1=4056.992156862745, 3=68.14117647058825, 7=193.25882352941176, 6=4603.815686274513, 5=22888.258823529428, 8=137155.18431372504, 9=1239.9686274509802, 10=906.3647058823527",
0000d9f5aa8a1e06cbd7,USF,1.06707E+12,7,,1.06785E+12,PADUA,10457.86035,,,2003,34,"1=1782.9490196078434, 3=3205.345098039216, 7=1631.5058823529412, 6=775.549019607843, 5=2542.7803921568616, 8=34439.50980392163, 9=1876.976470588235, 10=40.68627450980392",
0000ba0a315570dabedb,USF,1.06672E+12,7,,1.0688E+12,GRAND PRIX,50617.9375,,,2003,34,"1=9239.835294117645, 3=24682.815686274582, 7=5280.4352941176485, 6=1992.4078431372552, 5=33207.447058823534, 8=137269.356862745, 9=6862.164705882352, 10=2966.8470588235296",
00008d2e5760c75ffdde,USF,1.06707E+12,7,,1.06888E+12,OLD,91428,,,2003,34,"1=19090.968627451053, 3=13682.00784313728, 2=992.729411764706, 7=4081.2666666666682, 6=4561.325490196077, 4=1444.2784313725485, 5=53772.66274509796, 8=294329.9607843131, 9=11178.654901960845, 11=496.8078431372549, 10=4937.411764705883",
00006a09ba36ade1644a,USF,1.19304E+12,9,,1.19503E+12,SLIDE,12769.24805,,,2007,38,"1=14130.815686274507, 3=28.949019607843137, 7=1983.180392156863, 6=98.27843137254902, 5=9345.156862745102, 8=31336.35686274513, 9=157.3607843137255, 11=9.0, 10=50.68235294117647",
00008b975b1fd77baebc,USF,1.18975E+12,9,,1.19909E+12,BUTLER #2,13736.27051,,,2007,38,"1=6099.45490196078, 2=1008.5254901960783, 7=1858.176470588235, 6=505.74901960784314, 5=2024.1098039215667, 8=49886.36470588222, 9=0.8156862745098039, 11=93.0",
0000d8837816886dc64a,NPS,1.11942E+12,1,,1.12072E+12,WILDHORSE,63771.40625,,,2005,36,"3=53895.580392156524, 2=166895.4784313726, 8=7748.098039215686, 9=9.40392156862745, 4=58196.43529411768",
0000cd34dedb91c57c37,CDF,1.19295E+12,14,,1.19399E+12,HARRIS 2,90728.32813,,,2007,38,"1=995.4117647058818, 7=39882.25098039222, 6=12535.164705882362, 8=345712.68235293985, 9=5148.9411764705865, 11=44.33333333333333, 10=353.07450980392144",
0000723ea36382080427,BLM,1.06715E+12,9,,1.0675E+12,MINE/OTAY,44734.12891,,,2003,34,"1=12651.0, 7=23835.835294117696, 6=2107.8901960784324, 8=161163.09411764672, 9=1287.18431372549, 11=31.6078431372549, 10=24.388235294117646",
000069dc2ee15e73c9b4,USF,1.06707E+12,2,,1.06802E+12,CEDAR,270686,,,2003,34,"1=23995.729411764707, 3=29.0, 7=86107.61176470603, 6=72622.9333333334, 5=60197.01568627452, 8=884366.9803921529, 9=69396.36470588252, 11=5332.0, 10=8846.701960784314",
00008d00117160f6c2e2,USF,9.78509E+11,3,,9.79027E+11,VIEJAS,10438.01953,,,2001,32,"7=831.1529411764704, 9=327.7176470588234, 8=43734.19215686269, 6=1987.2392156862743, 10=45.79607843137254",
00002275382ad91e2145,USF,1.15364E+12,4,,1.15416E+12,HORSE,16677.61523,,,2006,37,"7=1724.7843137254908, 9=43.509803921568626, 8=71053.83137254864, 6=1953.337254901961, 11=11.0, 10=122.19607843137258",
0000e4b030c196fa05e8,CDF,1.02793E+12,11,,1.02905E+12,PINES,61691.23828,,,2002,33,"1=4548.850980392157, 3=14628.321568627442, 2=119.25098039215686, 7=6853.666666666664, 6=6625.003921568629, 4=731.4509803921569, 5=9097.180392156864, 8=232867.3803921563, 9=1128.388235294118, 11=90.29019607843138, 10=3.450980392156863",
000035cf842a96b5097b,BLM,1.34484E+12,1,,1.34545E+12,WILSON,11667.1377,,,2012,43,"3=7529.050980392154, 2=2624.53725490196, 7=178.99607843137255, 6=24.0, 4=73.52156862745097, 8=41938.584313725616, 9=34.247058823529414, 11=48.0",
00006ea4773ce9eb725b,CDF,1.31123E+12,7,,1.31192E+12,EAGLE,13992.99219,,,2011,42,"3=9949.070588235285, 7=332.7607843137255, 8=50327.56470588261, 6=529.3882352941176, 4=898.349019607843, 5=633.1254901960783",
00002d3e3aecabf05786,CDF,1.37387E+12,9,,1.37517E+12,MOUNTAIN,27523.66602,,,2013,44,"1=28284.85882352948, 3=15275.160784313754, 7=515.5294117647059, 6=1120.8588235294117, 4=48.0, 5=7758.764705882352, 8=69302.97254901916, 9=849.0274509803921, 11=64.84313725490198, 10=5.0",
00002d59c5828f809f6d,USFS,,0,,,CRANSTON,13229.15852,N,Infrared Image,2018,49,"1=21461.84313725506, 7=556.0000000000001, 6=193.12549019607843, 5=1818.2078431372545, 8=33987.03921568638, 9=1075.4117647058822, 11=13.905882352941177, 10=16.0",
00009abf84c295900d6a,CDF,1.37586E+12,14,,1.37638E+12,SILVER,20308.45313,,,2013,44,"1=455.65098039215667, 3=20248.635294117674, 7=1332.498039215686, 6=1528.8745098039212, 5=505.39215686274497, 8=65746.19999999978, 9=1033.4980392156863, 11=15.0, 10=6.1647058823529415",
00002797d13fdb17fa02,CDF,1.16185E+12,7,,1.1622E+12,ESPERANZA,40176.80078,,,2006,37,"1=16.0, 3=5342.596078431371, 7=8246.141176470584, 6=4570.0901960784295, 5=441.0392156862745, 8=157468.66274509742, 9=2828.807843137255, 11=18.0, 10=101.99607843137257",
0000f544b2308fdb2f9e,CDF,1.15243E+12,1,,1.15321E+12,SAWTOOTH COMPLEX,61767.17578,,,2006,37,"1=2070.7098039215684, 3=76432.9372549018, 2=95906.63137254881, 7=2990.999999999999, 6=268.7921568627451, 4=9351.498039215689, 5=665.6352941176468, 8=87557.35686274487, 9=901.5921568627451",
00009f74a3ff2530aa63,USF,1.15243E+12,1,,1.15442E+12,MILLARD,24218.89844,,,2006,37,"1=4076.768627450977, 3=12513.301960784336, 2=3011.1058823529415, 7=1370.7882352941178, 6=167.30980392156863, 5=12303.607843137263, 8=72866.16078431375, 11=0.25098039215686274, 10=1838.8000000000006",
0000108937d98a661ad5,USF,1.43452E+12,9,,1.45155E+12,LAKE,31284.44141,,,2015,46,"1=80398.09803921527, 3=232.0, 2=28382.21568627457, 7=194.6588235294118, 6=869.2588235294119, 5=5574.564705882353, 8=24325.305882353052, 9=8.27843137254902, 11=30.0, 10=59.0",
0000c2a8ebd283b3f66f,CDF,1.06715E+12,14,,1.06828E+12,MOUNTAIN,10331.39355,,,2003,34,"7=2716.1960784313724, 9=4573.301960784314, 8=34318.77647058825, 6=3128.741176470588, 11=20.0, 10=48.28235294117647",
000081535c979e3a1f43,CDF,9.64854E+11,14,,,PECHANGA,11733.98145,,,2000,31,"1=3194.4352941176467, 7=123.42352941176473, 9=87.32941176470588, 8=43529.80784313724, 6=3387.2196078431343, 5=2216.8627450980393",
000009367398b3a4f47e,CDF,1.19312E+12,9,,1.1965E+12,POOMACHA,49410.96875,,,2007,38,"1=16968.18039215688, 7=15246.921568627466, 6=29652.898039215717, 5=19643.325490196115, 8=128219.0862745097, 9=3163.788235294116, 11=2025.1764705882351, 10=12.0",
0000d80e10b4130588a7,USF,1.06715E+12,7,,1.06793E+12,PARADISE,56545.69531,,,2003,34,"1=163.0, 7=22011.70196078441, 6=38797.980392156955, 5=106.11764705882354, 8=170075.89019607802, 9=9660.890196078431, 11=2528.866666666667, 10=1058.8431372549016",
0000b6c9a383f1e05529,CDF,1.19295E+12,9,,1.19381E+12,WITCH,162070.4688,,,2007,38,"1=153.0, 7=65293.662745098045, 6=72458.55294117652, 5=1121.9607843137255, 8=493967.8352941156, 9=48628.40392156886, 11=1457.2352941176473, 10=8240.219607843139",
00000e5d5cddd71d02f2,USF,1.05834E+12,1,,1.05894E+12,COYOTE,18704.7793,,,2003,34,"3=230.78039215686277, 2=75.11764705882354, 7=43.0, 6=2382.513725490198, 4=303.28235294117644, 5=1088.2705882352943, 8=79756.55686274481, 9=33.980392156862735, 11=33.90588235294118, 10=13.227450980392156",
0000ff19d2bf82834d3c,BLM,1.34484E+12,1,,1.34545E+12,STWEART,10630.22559,,,2012,43,"3=10401.823529411764, 2=9562.439215686278, 7=42.23529411764706, 6=23.0, 4=176.28627450980386, 8=27578.698039215687, 9=11.498039215686275, 11=3.2784313725490195",
0000a06a41f76a5f58a4,DOD,1.19312E+12,14,,1.1939E+12,AMMO,21493.9082,,,2007,38,"7=30010.356862745186, 9=990.850980392157, 8=60386.76470588244, 6=4989.000000000001, 10=146.97647058823532",
0000c47b97bc63960d09,DOD,1.40048E+12,0,,,PULGAS-BASILONE COMPLEX,15186.14258,,,2014,45,"7=35605.427450980394, 9=1235.8352941176468, 8=27707.447058823596, 6=2679.6470588235284, 10=304.68235294117636",
00002f73ed23ca300232,USFS,,0,,,HOLY,23025.34224,N,Infrared Image,2018,49,"1=11636.552941176471, 7=68.0, 6=6356.61568627451, 5=5487.760784313726, 8=78136.35686274496, 9=1598.5843137254897, 10=14.0",
00002be4352d93a0cf1a,CDF,1.08357E+12,8,,1.08391E+12,CERRITO,16447.39844,,,2004,35,"2=639.756862745098, 7=2810.054901960783, 6=3340.207843137254, 8=64687.72549019581, 9=2208.7647058823522, 11=9.588235294117649, 10=21.384313725490195",
000078ec552cb6c54948,CDF,1.19295E+12,9,,1.19451E+12,SANTIAGO,28429.98047,,,2007,38,"1=243.2941176470588, 3=378.09411764705885, 7=15208.301960784349, 6=5323.125490196078, 5=1856.6784313725493, 8=89500.78431372528, 9=4905.5764705882275, 11=8.0, 10=24.270588235294117",
000040c721539081a9f2,USF,1.13921E+12,18,,1.1406E+12,SIERRA,10591.97559,,,2006,37,"1=1403.0, 3=3.8705882352941177, 7=1393.8549019607842, 6=1998.0039215686277, 5=41.168627450980395, 8=41784.2588235295, 9=768.7019607843138",
000060891dcb058e29a9,CCO,1.22674E+12,10,,1.227E+12,FREEWAY_COMPLEX,30305.23242,,,2008,39,"7=62296.5529411764, 6=20482.298039215704, 5=406.0, 8=38554.6352941177, 9=11445.43137254904, 11=138.84313725490196, 10=15.937254901960785",
000047781d92d89acc06,CCO,1.2536E+12,14,,1.25378E+12,GUIBERSON,17526.68555,,,2009,40,"7=7186.235294117637, 3=117.14117647058823, 9=428.6431372549019, 8=61909.945098038916, 6=6578.658823529411, 10=2.0",
0000c8b8c77a641511e5,CDF,1.16513E+12,14,,1.16565E+12,SHEKELL,13618.08887,,,2006,37,"7=10633.89411764708, 3=187.0, 9=3991.6274509803925, 8=30811.094117647157, 6=2362.3843137254894",
0000d7a22b554d2a172c,CCO,1.36748E+12,14,,1.368E+12,SPRINGS,24059.85742,,,2013,44,"7=9103.94117647059, 9=1529.8117647058816, 8=90594.10588235276, 6=4855.380392156863, 11=385.0588235294118, 10=270.58431372549023",
0000f2670ef97606b472,USF,1.51237E+12,9,,1.51574E+12,THOMAS,281790.875,,,2017,48,"1=14906.662745098038, 3=503.18431372549014, 7=64227.6901960785, 6=143425.69019607845, 5=11695.725490196077, 8=975627.3607843111, 9=11571.980392156855, 10=2198.631372549019",
0000434da9b4e4cf0c1e,C&L,,0,,,THOMAS,281795.8323,N,Unknown,2017,48,"1=14906.615686274508, 3=503.18431372549014, 7=64228.81960784321, 6=143429.93725490198, 5=11695.725490196077, 8=975644.2078431346, 9=11571.980392156855, 10=2198.631372549019",
0000df44d3bd349f193d,USF,1.4715E+12,9,,1.47392E+12,REY,32580.43555,,,2016,47,"1=297.0196078431371, 7=4625.1215686274545, 8=132589.00392156793, 6=8391.411764705885, 10=8.027450980392157, 5=286.66274509803924",
0000545b99515473260b,USF,1.4995E+12,9,,1.51384E+12,WHITTIER,18412.4043,,,2017,48,"7=1376.1058823529406, 9=143.75686274509803, 8=56722.92156862707, 6=24190.23137254905, 5=22.0, 10=60.48235294117647",
0000973be6514967c850,CDF,1.18353E+12,2,,1.18872E+12,ZACA,240358.7031,,,2007,38,"1=47189.64705882353, 3=0.30980392156862746, 2=20496.46666666667, 7=9422.023529411763, 6=39413.576470588276, 5=122253.24313725496, 8=839047.8117647019, 9=29.619607843137256, 10=3.0",
0000b10d4edd1754ead9,USF,1.15735E+12,5,,1.1622E+12,DAY,161815.6563,,,2006,37,"1=87467.8823529411, 3=213.3411764705882, 2=56986.972549019636, 7=7446.678431372548, 6=10636.745098039224, 5=28630.494117647082, 8=527811.1490196043, 9=641.6823529411764, 11=48.36078431372549, 10=47.752941176470586",
00007d7befb355ba25d9,CCO,1.02291E+12,9,,1.02404E+12,WOLF,21641.13867,,,2002,33,"1=3082.545098039215, 2=54.0, 7=3891.8509803921556, 6=300.7725490196078, 5=1191.521568627451, 8=75599.95686274456, 9=124.28627450980393",
000046b16453365e17b7,USF,1.06689E+12,2,,1.06759E+12,PIRU,63726.40625,,,2003,34,"1=2015.5647058823529, 3=113.08627450980393, 7=24067.121568627477, 6=30103.262745098073, 5=10830.239215686273, 8=209936.79999999932, 9=1024.2901960784313, 10=81.70980392156864",
0000c66ff4729e737e91,CCO,1.31564E+12,1,,1.31624E+12,COMANCHE,25939.01172,,,2011,42,"7=106026.54509803891, 8=4798.341176470588, 6=3492.7647058823522, 5=1136.7607843137255, 10=10.2",
000000f90f4ef5a6bf8d,USF,1.24971E+12,9,,1.25092E+12,LA BREA,97815.3125,,,2009,40,"1=1967.6588235294116, 9=399.43529411764706, 7=1418.7529411764706, 8=381463.4392156855, 6=25629.027450980397, 5=28897.886274509827",
0000d51a8a027c9ebb13,USF,1.1507E+12,1,,1.15338E+12,PERKINS,14922.99316,,,2006,37,"1=45.0, 7=3638.686274509803, 2=8928.431372549025, 8=52162.2705882351, 6=192.0, 5=1757.7372549019601",
0000a019b3d091e0c10e,CDF,1.49932E+12,10,,1.50053E+12,ALAMO,28834.17188,,,2017,48,"7=31592.533333333435, 9=126.9843137254902, 8=49775.61568627451, 6=47496.98039215684, 10=47.0",
00009f80f41c4bcc987a,DOD,,14,,1.47505E+12,CANYON,12713.62207,,,2016,47,"1=2078.227450980392, 7=5146.443137254895, 9=15.133333333333333, 8=45393.30588235282, 6=3743.5294117647063",