,year,incident,containment,start_date,end_date,cdf_burned,other_burned,total_burned,struct_dest,struct_dam,death_fire,death_civil
1,2000,TGU-803,100%,3/31/00,4/5/00,NA,1500,NA,NA,NA,NA,NA
2,2000,MNF-177,NA,4/1/00,NA,NA,1540,NA,NA,NA,NA,NA
3,2000,TGU-851,100%,4/2/00,4/3/00,NA,400,400,NA,NA,NA,NA
4,2000,LMU-630,100%,4/4/00,4/5/00,NA,500,500,NA,NA,NA,NA
5,2000,BDU-4016,100%,5/29/00,6/1/00,NA,740,740,NA,NA,NA,NA
6,2000,TUU-4863,100%,6/1/00,6/1/00,497,NA,497,0,0,0,0
7,2000,ANF-2059,NA,6/6/00,NA,NA,356,356,NA,NA,NA,NA
8,2000,VNC-14831,NA,6/11/00,6/11/00,NA,800,800,NA,NA,NA,NA
9,2000,BTU-5945,100%,6/13/00,6/13/00,475,NA,475,0,6,0,0
10,2000,LNU-3087,100%,6/13/00,6/16/00,5731,NA,NA,15,5,0,0
11,2000,TUU-5549,100%,6/18/00,6/18/00,400,NA,400,0,0,0,0
12,2000,VNC-16413,100%,6/26/00,6/26/00,NA,400,400,NA,NA,NA,NA
13,2000,TUU-5954,100%,6/28/00,6/28/00,450,NA,450,0,0,0,0
14,2000,MVU-4431,100%,6/29/00,6/30/00,2000,NA,NA,NA,NA,NA,NA
15,2000,MMU-9447,100%,7/2/00,7/4/00,2000,NA,NA,0,0,0,0
16,2000,BDU-5166,100%,7/3/00,7/4/00,600,NA,600,0,0,0,0
17,2000,BDU-5318,100%,7/7/00,7/8/00,NA,300,300,NA,NA,NA,NA
18,2000,TUU-6521,100%,7/9/00,7/9/00,320,NA,320,0,0,0,0
19,2000,LMU-1817,100%,7/17/00,7/20/00,1084,NA,NA,0,0,0,0
20,2000,SKU-2492,100%,7/21/00,7/26/00,NA,1715,NA,NA,NA,NA,NA
21,2000,BBD-1891,100%,7/22/00,NA,NA,6300,NA,NA,NA,NA,NA
22,2000,MVU-5080,100%,7/22/00,7/22/00,NA,300,300,NA,NA,NA,NA
23,2000,BDU-5882,100%,7/23/00,7/28/00,NA,5500,NA,3,NA,NA,NA
24,2000,SQF-1883,100%,7/24/00,8/9/00,NA,74439,NA,15,1,NA,NA
25,2000,SCU-2756,100%,7/26/00,7/27/00,432,NA,432,0,0,0,0
26,2000,SKU-2574,100%,7/26/00,7/26/00,813,NA,813,0,0,0,0
27,2000,LNU-4423,100%,7/26/00,7/27/00,3283,NA,NA,2,0,0,0
28,2000,RRU-48329,100%,7/29/00,8/9/00,11900,0,NA,1,0,0,0
29,2000,BDU-6114,100%,8/1/00,8/8/00,NA,2150,NA,1,NA,NA,NA
30,2000,TUU-7396,100%,8/1/00,8/5/00,NA,1200,NA,NA,NA,NA,NA
31,2000,LMU-2017,100%,8/1/00,8/1/00,NA,1000,NA,NA,7,NA,NA
32,2000,LMU-2018,100%,8/1/00,8/1/00,NA,2900,NA,NA,NA,NA,NA
33,2000,TUU-7440,100%,8/2/00,8/9/00,NA,3243,NA,1,NA,NA,NA
34,2000,TUU-73431,100%,8/2/00,8/4/00,NA,300,300,0,0,0,0
35,2000,NEU-11785,100%,8/2/00,8/4/00,360,NA,360,0,0,0,0
36,2000,LNU-4679,100%,8/2/00,8/2/00,380,NA,380,2,1,0,0
37,2000,BEU-2783,100%,8/3/00,8/7/00,1773,NA,NA,0,0,0,0
38,2000,BDU-6121,100%,8/3/00,8/3/00,NA,350,350,NA,NA,NA,NA
39,2000,TCU-4955,100%,8/5/00,8/6/00,700,NA,700,0,0,0,0
40,2000,MMU-11933,100%,8/9/00,9/9/00,1200,NA,NA,0,2,0,0
41,2000,FKU-8628,100%,8/13/00,8/17/00,700,NA,700,0,0,0,0
42,2000,SHU-6728,100%,8/14/00,8/15/00,350,NA,350,4,0,0,0
43,2000,BTU-9072,100%,8/17/00,9/9/00,NA,55261,NA,NA,NA,NA,NA
44,2000,SKU-3009,100%,8/17/00,8/17/00,600,NA,600,0,0,0,0
45,2000,SLU-3684,100%,8/21/00,8/21/00,463,NA,463,0,0,0,0
46,2000,MMU-12981,100%,8/27/00,9/4/00,8084,NA,NA,6,0,0,0
47,2000,FKU-9369,NA,8/30/00,8/31/00,NA,300,300,0,0,0,0
48,2000,RRU-58237,100%,9/9/00,9/11/00,475,NA,475,3,2,0,0
49,2000,ORC-50963,100%,9/10/00,NA,NA,480,480,NA,NA,NA,NA
50,2000,SBC-5687,100%,9/13/00,9/18/00,NA,9700,NA,NA,NA,NA,NA
51,2000,MVU-6514,100%,9/13/00,9/14/00,NA,400,400,NA,NA,NA,NA
52,2000,BDU-8329,100%,9/13/00,9/13/00,NA,427,427,NA,NA,NA,NA
53,2000,BDU-7525,100%,9/13/00,9/13/00,NA,868,868,NA,NA,NA,NA
54,2000,BTU-10476,100%,9/19/00,9/22/00,1835,NA,NA,16,2,0,1
55,2000,LNU-6288,100%,9/21/00,7/9/00,400,NA,400,0,0,0,0
56,2000,TGU-3715,100%,9/29/00,10/2/00,8284,NA,NA,3,0,0,0
57,2000,FKU-10923,100%,10/6/00,10/6/00,NA,500,500,0,0,0,0
58,2000,LNU-7151,100%,10/21/00,10/27/00,4500,NA,NA,12,1,0,0
59,2000,AEU-14243,100%,10/21/00,10/21/00,750,NA,750,0,0,0,0
60,2001,FKU-19,100%,1/1/01,1/4/01,NA,303,303,NA,NA,NA,NA
61,2001,MVU-53,100%,1/3/01,1/8/01,2300,8053,NA,16,13,0,0
62,2001,TGU-2166,100%,5/9/01,5/9/01,NA,351,351,NA,NA,NA,NA
63,2001,SKU-1500,100%,5/9/01,5/14/01,NA,1440,NA,NA,NA,NA,NA
64,2001,LMU-00993,50%,5/20/01,5/23/01,390,NA,390,2,0,0,0
65,2001,BTU-5556,100%,5/20/01,5/21/01,NA,400,400,2,0,0,0
66,2001,SQF-622,100%,5/23/01,5/26/01,NA,332,332,NA,NA,NA,NA
67,2001,LMU-01100,100%,5/27/01,6/1/01,4400,NA,NA,0,0,0,0
68,2001,TGU-2791,100%,5/29/01,5/29/01,390,NA,390,0,0,0,0
69,2001,SHU-4405,100%,6/2/01,6/3/01,NA,800,800,NA,NA,NA,NA
70,2001,4269 no rept.,100%,6/3/01,NA,NA,777,777,NA,NA,NA,NA
71,2001,HUU-002020,100%,6/5/01,6/5/01,300,NA,300,0,0,0,0
72,2001,MMU-9668,100%,6/13/01,6/13/01,NA,1500,NA,0,0,0,0
73,2001,BEU-2101,100%,6/13/01,6/13/01,580,NA,580,0,0,0,0
74,2001,TGU-3132,100%,6/13/01,6/13/01,340,NA,340,0,0,0,0
75,2001,AEU-8312,100%,6/13/01,6/13/01,2240,NA,NA,15,1,0,0
76,2001,MMU-9689,100%,6/13/01,6/14/01,400,NA,400,2,0,0,0
77,2001,MMU-9668,100%,6/13/01,6/13/01,NA,1200,NA,0,0,0,0
78,2001,BDU-4825,100%,6/14/01,6/20/01,NA,1074,NA,NA,NA,NA,NA
79,2001,MMU-9893,100%,6/16/01,6/17/01,1550,NA,NA,0,0,0,0
80,2001,BDU4918,100%,6/16/01,6/18/01,NA,300,300,NA,NA,NA,NA
81,2001,NEU-9855,100%,6/17/01,7/1/01,5600,8900,NA,5,0,0,0
82,2001,RRU-41162,100%,6/17/01,6/18/01,393,NA,393,0,0,0,0
83,2001,TGU-3255,100%,6/17/01,6/17/01,650,NA,650,0,0,0,0
84,2001,SQF-1152,100%,6/18/01,6/19/01,NA,566,566,NA,NA,NA,NA
85,2001,MEU-4411,100%,6/23/01,6/25/01,610,NA,610,0,0,0,0
86,2001,SQF-1225,100%,6/23/01,6/25/01,NA,550,550,NA,NA,NA,NA
87,2001,RRU-42668,100%,6/23/01,6/24/01,1104,303,NA,0,1,0,0
88,2001,AEU-8916,100%,6/23/01,6/23/01,500,NA,500,0,0,0,0
89,2001,TUU-6158,100%,6/29/01,6/29/01,596,NA,596,0,0,0,0
90,2001,MMU-10898,100%,7/1/01,7/1/01,NA,700,700,0,0,0,0
91,2001,BDU5620,100%,7/2/01,7/5/01,NA,2900,NA,NA,NA,NA,NA
92,2001,TCU-4586,100%,7/3/01,7/3/01,550,NA,550,0,0,0,0
93,2001,AEU-9653,100%,7/5/01,7/5/01,300,NA,300,0,0,0,0
94,2001,AEU-9735,100%,7/6/01,7/6/01,550,NA,550,0,0,0,0
95,2001,RRU-47010,100%,7/9/01,7/9/01,350,NA,350,0,0,0,0
96,2001,RRU-47545,100%,7/11/01,7/12/01,548,NA,548,0,0,0,0
97,2001,YNP-1655,NA,7/13/01,NA,NA,8007,NA,NA,NA,NA,NA
98,2001,MMU-11907,100%,7/16/01,7/16/01,0,900,900,0,0,0,0
99,2001,RRU-50309,100%,7/22/01,7/23/01,1798,NA,NA,0,0,0,0
100,2001,MMU-12399,100%,7/24/01,7/25/01,800,NA,800,0,0,0,0
101,2001,LMU-1992,100%,7/25/01,7/27/01,992,NA,992,0,0,0,0
102,2001,BTU-8762,100%,7/26/01,7/26/01,0,3560,NA,NA,NA,NA,NA
103,2001,BDU-6307,100%,7/27/01,7/28/01,75,654,729,0,0,0,0
104,2001,SHU-7073,100%,7/28/01,8/1/01,490,NA,490,1,0,0,0
105,2001,AEU-11228,100%,7/31/01,7/31/01,535,NA,535,0,0,0,0
106,2001,SCU-3270,100%,8/3/01,8/4/01,400,NA,400,0,0,0,0
107,2001,MNF-667,100%,8/8/01,8/20/01,NA,24970,NA,30,NA,NA,NA
108,2001,NOD-2187,100%,8/8/01,8/9/01,NA,1670,NA,NA,NA,NA,NA
109,2001,LMU-2549,100%,8/8/01,8/8/01,NA,5367,NA,NA,NA,NA,NA
110,2001,LMU-2178,100%,8/8/01,8/8/01,NA,1100,NA,NA,NA,NA,NA
111,2001,SHU-7419,100%,8/9/01,8/10/01,624,NA,624,0,0,0,0
112,2001,LMU-2228,100%,8/9/01,8/12/01,NA,67700,NA,NA,NA,NA,NA
113,2001,LMU-2248,100%,8/9/01,8/10/01,NA,37950,NA,1,NA,NA,NA
114,2001,NEU-14033,100%,8/12/01,8/17/01,NA,2462,NA,1,NA,NA,NA
115,2001,BDU-6857,100%,8/12/01,8/15/01,NA,5800,NA,NA,NA,NA,NA
116,2001,NEU-14053,100%,8/12/01,8/12/01,NA,2206,NA,NA,NA,NA,NA
117,2001,MVU-5576,100%,8/14/01,8/15/01,20,793,813,0,0,0,0
118,2001,NEU-14446,100%,8/17/01,8/23/01,2780,NA,NA,0,0,0,0
119,2001,MMU-14026,100%,8/18/01,8/24/01,11095,NA,NA,43,0,0,0
120,2001,TCU- 6112,100%,8/19/01,8/25/01,5167,NA,NA,22,0,0,0
121,2001,FKU-10044,100%,8/19/01,8/29/01,30,4122,NA,8,NA,NA,NA
122,2001,MMU-14176,100%,8/20/01,NA,475,2455,NA,3,2,0,0
123,2001,AEU-12745,100%,8/25/01,9/22/01,NA,16761,NA,4,NA,NA,NA
124,2001,SHU-7984,100%,8/28/01,8/31/01,1680,NA,NA,33,0,0,0
125,2001,SHU-8086,100%,8/31/01,9/5/01,NA,1065,NA,NA,NA,NA,NA
126,2001,TCU-6632,100%,9/5/01,9/24/01,14280,NA,NA,1,1,0,0
127,2001,BTU- 10696,100%,9/6/01,9/12/01,8333,NA,NA,133,3,0,0
128,2001,KNF-3902,100%,9/14/01,10/10/01,NA,8500,NA,NA,NA,NA,NA
129,2001,BDU-8983,100%,10/12/01,10/15/01,NA,6544,NA,4,NA,NA,NA
130,2001,BTU-12700,100%,10/24/01,10/26/01,1711,NA,NA,0,0,0,0
131,2001,TCU-8044,100%,10/27/01,10/31/01,580,NA,580,0,0,0,0
132,2001,MMU-18913,100%,11/2/01,11/2/01,NA,330,330,0,0,0,0
133,2001,MVU-8827,100%,12/8/01,12/11/01,1204,NA,NA,5,0,0,2
134,2002,HUU-3893,100%,8/14/02,8/18/02,NA,410,410,0,0,NA,NA
135,2002,SLU-4854,100%,8/17/02,8/19/02,NA,715,715,NA,NA,NA,NA
136,2002,AEU-12859,100%,8/19/02,8/21/02,NA,384,384,NA,NA,NA,NA
137,2002,MVU-6486,100%,8/24/02,8/25/02,NA,850,850,0,0,0,0
138,2002,BDU-8188,100%,8/29/02,9/4/02,NA,554,554,NA,NA,NA,NA
139,2002,AEU-13579,100%,8/31/02,8/31/02,775,NA,775,1,1,NA,NA
140,2002,BDU-8451,100%,9/1/02,9/5/03,NA,20857,NA,73,NA,NA,NA
141,2002,BDU-8584,100%,9/1/02,9/3/02,NA,1043,NA,NA,NA,NA,NA
142,2002,SHU-8454,100%,9/3/02,9/3/02,625,NA,625,1,0,0,0
143,2002,BDU-8585,100%,9/3/02,9/6/02,NA,5124,NA,16,NA,NA,NA
144,2002,BDU-8607,100%,9/9/02,9/11/02,NA,1200,NA,NA,NA,NA,NA
145,2002,BDU-8776,100%,9/14/02,9/14/02,NA,1305,NA,NA,NA,NA,NA
146,2002,MEU-7499,100%,9/19/02,9/20/02,485,NA,485,0,0,0,0
147,2002,BDU-9244,100%,9/22/02,10/7/02,NA,38094,NA,77,NA,NA,NA
148,2002,SCU-4160,100%,9/23/02,9/28/02,3127,NA,NA,34,4,0,0
149,2002,BDU-9108,100%,9/24/02,9/24/02,NA,391,391,NA,NA,NA,NA
150,2002,LMU-3269,100%,9/26/02,9/30/02,NA,2006,NA,NA,NA,NA,NA
151,2002,TGU-6124,100%,10/1/02,10/1/02,300,NA,300,0,0,0,0
152,2002,LNU-8020,100%,10/1/02,10/2/02,1500,NA,NA,0,0,0,0
153,2002,TCU-9171,100%,11/25/02,11/30/02,635,NA,635,0,0,0,0
154,2002,SNF-1576,100%,11/25/02,11/27/02,NA,415,415,NA,NA,NA,NA
155,2002,AEU-18819,100%,11/26/02,11/28/02,NA,1765,NA,NA,NA,NA,NA
156,2002,NEU-14547,100%,9/18/03,9/18/03,NA,594,594,21,NA,NA,NA
157,2002,MEU-9436,100%,11/26/03,11/28/03,1200,NA,NA,7,0,0,0
158,2002,RRU-10403,100%,2/9/02,2/13/02,17,2383,NA,0,0,0,0
159,2002,MVU-1024,100%,2/10/02,2/15/02,5763,NA,NA,43,13,0,0
160,2002,BDU-1909,100%,3/5/02,3/5/02,NA,300,300,NA,NA,NA,NA
161,2002,MMU-4085,100%,3/16/02,3/16/02,NA,12000,NA,0,0,0,0
162,2002,RRU-20299,100%,3/17/02,3/17/02,575,NA,575,0,0,0,0
163,2002,MVU-2043,100%,3/21/02,3/22/02,NA,2400,NA,NA,NA,NA,NA
164,2002,BDU-2403,100%,3/22/02,3/24/02,846,NA,846,0,0,0,0
165,2002,MVU-2592,100%,4/13/02,4/14/02,195,155,350,0,0,0,0
166,2002,RRU-29527,100%,4/21/02,4/23/02,NA,657,657,0,0,0,0
167,2002,HUU-26808,100%,4/28/02,4/28/02,300,NA,300,0,0,0,0
168,2002,MMU-7167,100%,5/7/02,5/7/02,320,NA,320,0,0,0,0
169,2002,FKU-5607,100%,5/9/02,5/10/02,680,NA,680,NA,NA,NA,NA
170,2002,ANF-1534,100%,5/11/02,5/13/02,NA,4977,NA,2,NA,NA,NA
171,2002,CNF-795,100%,5/13/02,5/13/02,NA,1500,NA,NA,NA,NA,NA
172,2002,RRU-35797,100%,5/13/02,5/15/02,338,1134,NA,0,0,0,0
173,2002,BDU-4432,100%,5/23/02,5/23/02,NA,356,356,NA,NA,NA,NA
174,2002,MMU-8182,100%,5/23/02,5/23/02,NA,6000,NA,0,0,0,0
175,2002,BDU-4700,100%,5/31/02,6/5/02,NA,2688,NA,7,NA,NA,NA
176,2002,LPF-869,100%,6/1/02,6/14/02,NA,21645,NA,6,NA,NA,NA
177,2002,SQF- 1009,100%,6/2/02,6/4/02,NA,498,498,NA,NA,NA,NA
178,2002,RRU-40281,100%,6/2/02,6/2/02,NA,432,432,NA,NA,NA,NA
179,2002,BDU-4974,100%,6/5/02,6/12/02,NA,23407,NA,26,NA,NA,NA
180,2002,BTU-6327,100%,6/8/02,6/9/02,2000,NA,NA,NA,NA,NA,NA
181,2002,AEU-8140,100%,6/8/02,6/8/02,300,NA,300,0,0,0,0
182,2002,FKU-7156,100%,6/9/02,6/10/02,400,NA,400,0,0,0,0
183,2002,SLU-2909,100%,6/9/02,6/9/02,2118,NA,NA,0,0,0,0
184,2002,AEU-8240,100%,6/9/02,6/9/02,720,NA,720,0,0,0,0
185,2002,NEU-8324,100%,6/9/02,6/11/02,945,NA,945,0,0,0,0
186,2002,SKU-1997,100%,6/12/02,6/15/02,NA,1400,NA,NA,NA,NA,NA
187,2002,TUU-5894,100%,6/14/02,6/14/02,NA,641,641,0,0,0,0
188,2002,TUU-5931,100%,6/15/02,6/17/02,NA,3430,NA,19,NA,NA,NA
189,2002,BDU-5283,100%,6/16/02,6/22/02,NA,6864,NA,NA,NA,NA,NA
190,2002,VAF-0364,100%,6/17/02,6/19/02,NA,7782,NA,1,0,0,0
191,2002,ANF-1949,100%,6/18/02,6/21/02,NA,1460,NA,3,NA,NA,NA
192,2002,SCU-2228,100%,6/18/02,6/18/02,1029,NA,NA,0,0,0,0
193,2002,RRU-44585,100%,6/18/02,6/22/02,565,NA,565,NA,NA,NA,NA
194,2002,MMU-10060,100%,6/19/02,6/19/02,NA,300,300,0,0,0,0
195,2002,TUU-6214,100%,6/22/02,6/22/02,1100,NA,NA,0,0,0,0
196,2002,BDU-5640,100%,6/26/02,6/30/02,NA,6574,NA,7,NA,NA,NA
197,2002,MMU-10594,100%,6/27/02,6/27/02,NA,448,448,0,0,0,0
198,2002,AEU-9828,100%,7/3/02,7/7/02,NA,670,670,NA,NA,NA,NA
199,2002,MMU-11097,100%,7/4/02,7/4/02,1000,NA,NA,0,0,0,0
200,2002,MMU-11533,100%,7/9/02,7/10/02,300,NA,300,0,0,0,0
201,2002,LMU-2073,100%,7/12/02,7/13/02,NA,300,300,NA,NA,NA,NA
202,2002,LMU-2109,100%,7/12/02,7/13/02,NA,4500,NA,0,0,0,0
203,2002,LMU-3180,100%,7/13/02,7/20/02,NA,500,500,0,0,0,0
204,2002,MVU-5177,100%,7/13/02,7/16/02,789,377,NA,0,0,0,0
205,2002,SKU-2739,100%,7/13/02,7/16/02,3260,NA,NA,0,0,0,0
206,2002,SRF-3560,100%,7/13/02,8/2/02,NA,28772,NA,NA,NA,NA,NA
207,2002,LMU-2124,100%,7/14/02,7/14/02,NA,300,300,0,0,NA,NA
208,2002,BDU-6371,100%,7/15/02,7/16/02,NA,6550,NA,NA,NA,NA,NA
209,2002,NOD-2085,100%,7/15/02,7/15/02,NA,1580,NA,NA,NA,NA,NA
210,2002,SLU-4041,100%,7/18/02,7/19/02,1380,NA,NA,6,0,0,0
211,2002,TUU-7497,100%,7/21/02,7/24/02,NA,1800,NA,94,NA,NA,NA
212,2002,TUU-7693,100%,7/21/02,9/3/02,NA,150696,NA,17,NA,NA,NA
213,2002,SKU-3049,100%,7/26/02,8/2/02,NA,2880,NA,NA,NA,3,NA
214,2002,AEU-11411,100%,7/26/02,7/28/02,NA,320,320,NA,NA,NA,NA
215,2002,HUU-3522,100%,7/28/02,8/1/02,NA,850,850,NA,NA,NA,NA
216,2002,MVU-5658,100%,7/29/02,8/16/02,61690,NA,NA,160,4,0,0
217,2002,SCU-3198,100%,8/5/02,8/5/02,549,NA,549,0,0,0,0
218,2002,LNU-6171,100%,8/9/02,8/10/02,800,NA,800,0,0,0,0
219,2002,BEU-3023,100%,8/10/02,8/11/02,NA,1400,NA,NA,NA,NA,NA
220,2002,RRU-58948,100%,8/11/02,8/12/02,498,NA,498,0,1,0,0
221,2002,MVU-4450,100%,NA,6/22/02,1188,NA,NA,3,1,0,0
222,2003,BDU-1061,NA,1/6/03,1/7/03,1300,NA,1300,NA,NA,NA,NA
223,2003,RRU-15024,NA,2/23/03,2/23/03,0,12000,NA,0,0,0,0
224,2003,BDU-3731,NA,4/24/03,4/26/03,NA,600,600,NA,NA,NA,NA
225,2003,TUU-4174,NA,5/3/03,5/3/03,0,3000,NA,0,0,0,0
226,2003,BEU-1514,NA,5/18/03,5/18/03,NA,628,628,0,0,0,0
227,2003,FKU-6009,NA,5/28/03,5/28/03,0,1000,NA,0,0,0,0
228,2003,SCU-1735,NA,5/29/03,6/1/03,597,NA,597,0,0,0,0
229,2003,SCU-1791,NA,6/1/03,6/1/03,6804,NA,NA,0,0,0,0
230,2003,MMU-9021,NA,6/2/03,6/2/03,NA,650,650,2,0,0,0
231,2003,MMU-9232,NA,6/5/03,6/10/03,NA,300,300,NA,NA,NA,NA
232,2003,TUU-5638,NA,6/6/03,6/6/03,NA,564,564,0,0,0,0
233,2003,TGU-3255,NA,6/10/03,6/10/03,NA,300,300,0,0,0,0
234,2003,MMU-9901,NA,6/15/03,6/16/03,1558,NA,NA,0,0,0,0
235,2003,TUU-6106,NA,6/16/03,6/17/03,NA,1223,NA,NA,NA,NA,NA
236,2003,MVU-4134,NA,6/17/03,6/18/03,288,116,404,NA,NA,NA,NA
237,2003,BDU-11055,NA,6/18/03,6/22/03,NA,1173,NA,NA,NA,NA,NA
238,2003,FKU-7076,NA,6/19/03,6/19/03,NA,15000,NA,0,0,0,0
239,2003,MMU-10475,NA,6/23/03,6/23/03,700,NA,700,0,0,0,0
240,2003,TGU-003554,NA,6/23/03,6/23/03,610,NA,610,0,0,0,0
241,2003,BTU-006701,NA,6/24/03,6/24/03,NA,368,368,0,0,0,0
242,2003,TUU-6501,NA,6/26/03,6/27/03,329,NA,329,NA,NA,NA,NA
243,2003,RRU-48718,NA,6/26/03,7/1/03,NA,536,536,9,1,NA,NA
244,2003,TUU-6588,NA,6/28/03,6/29/03,NA,565,565,0,0,0,0
245,2003,TUU-76655,NA,6/29/03,6/29/03,NA,1155,NA,2,0,0,0
246,2003,LNU-04073,NA,6/29/03,6/29/03,400,NA,400,0,0,0,0
247,2003,HUU-2762,NA,6/29/03,6/30/03,NA,389,389,0,0,0,0
248,2003,MMU-01108,NA,6/30/03,6/30/03,1000,NA,NA,0,0,0,0
249,2003,LNU-004146,NA,7/1/03,7/1/03,300,NA,300,0,0,0,0
250,2003,BEU-002235,NA,7/2/03,7/2/03,NA,360,360,0,0,0,0
251,2003,BEU-002241,NA,7/2/03,7/2/03,500,NA,500,0,0,0,0
252,2003,LMU-001784,NA,7/2/03,7/2/03,1100,NA,NA,12,0,0,0
253,2003,RRU-050488,NA,7/3/03,7/3/03,855,NA,855,0,0,0,0
254,2003,MMU-00112,NA,7/3/03,7/4/03,641,NA,641,0,0,0,0
255,2003,RRU-50865,NA,7/4/03,7/4/03,1700,NA,NA,0,0,0,0
256,2003,TUU-7195,NA,7/7/03,7/7/03,NA,747,747,0,0,0,0
257,2003,MMU-11727,NA,7/8/03,7/10/03,360,NA,360,0,0,0,0
258,2003,TUU-007233,NA,7/8/03,7/7/03,699,NA,699,0,0,0,0
259,2003,MMU-11745,NA,7/8/03,7/11/03,NA,458,458,0,0,0,0
260,2003,TCU-4908,NA,7/12/03,7/12/03,396,NA,396,0,0,0,0
261,2003,TUU-7429,NA,7/12/03,7/12/03,320,NA,320,0,0,0,0
262,2003,TCU-004924,NA,7/13/03,7/13/03,420,NA,420,0,0,0,0
263,2003,TUU-7593,NA,7/15/03,7/16/03,NA,835,835,0,0,0,0
264,2003,MVU-5044,NA,7/16/03,7/26/03,18705,NA,NA,2,0,0,0
265,2003,MMU-12479,NA,7/18/03,7/18/03,NA,500,500,0,0,0,0
266,2003,YNP-002085,NA,7/20/03,10/2/03,NA,9815,NA,0,0,0,0
267,2003,TUU-7804,NA,7/20/03,7/20/03,NA,1830,NA,0,0,0,0
268,2003,LMU_2117,NA,7/20/03,7/21/03,NA,375,375,0,0,0,0
269,2003,SCU-2846,NA,7/20/03,7/22/03,5170,NA,NA,0,4,0,0
270,2003,SLU-5133,NA,7/20/03,7/22/03,1200,NA,NA,18,0,0,0
271,2003,NEU-10647,NA,7/20/03,7/23/03,NA,5693,NA,0,0,0,0
272,2003,TCU-417,NA,7/20/03,10/3/03,NA,3747,NA,0,0,0,0
273,2003,LMU-2135,NA,7/21/03,7/25/03,NA,8010,NA,0,0,0,0
274,2003,RRU-56005,NA,7/22/03,7/22/03,NA,2020,NA,0,0,0,0
275,2003,LMU-2170,NA,7/22/03,7/22/03,NA,950,950,0,0,0,0
276,2003,TUU-7957,NA,7/23/03,7/25/03,NA,1002,NA,1,0,0,0
277,2003,MMU-13006,NA,7/25/03,7/25/03,NA,300,300,0,0,0,0
278,2003,RRU-056869,NA,7/25/03,7/27/03,4336,NA,NA,1,0,0,0
279,2003,TUU-8510,NA,7/30/03,8/3/03,NA,509,509,0,0,0,0
280,2003,LMU-2449,NA,7/31/03,8/1/03,NA,1330,NA,2,0,0,0
281,2003,SQF-002423,NA,7/31/03,8/27/03,NA,1928,NA,0,0,0,0
282,2003,SCU-3140,NA,8/4/03,8/4/03,2000,NA,NA,0,0,0,0
283,2003,SLU-5785,NA,8/10/03,8/11/03,1500,NA,NA,0,0,0,0
284,2003,RRU-63401,NA,8/18/03,8/20/03,1898,NA,NA,1,2,0,0
285,2003,RRU-063409,NA,8/18/03,8/18/03,NA,300,300,0,0,0,0
286,2003,SCU-003460,NA,8/20/03,8/20/03,NA,500,500,0,0,0,0
287,2003,BDU-8826,NA,8/23/03,8/24/03,NA,300,300,0,0,0,0
288,2003,SCU-003581,NA,8/25/03,9/2/03,30170,NA,NA,0,0,0,0
289,2003,SCU-003566,NA,8/26/03,8/26/03,300,NA,300,0,0,0,0
290,2003,MMU-15304,NA,8/26/03,8/26/03,640,NA,640,0,0,0,0
291,2003,TCU-006447,NA,8/26/03,8/26/03,800,NA,800,0,0,0,0
292,2003,TUU-009571,NA,8/27/03,8/27/03,NA,320,320,0,0,0,0
293,2003,NEU-13290,NA,9/1/03,9/1/03,NA,830,830,0,0,0,0
294,2003,BDU-10212,NA,9/2/03,9/2/03,NA,2515,NA,0,0,0,0
295,2003,TGU-5497,NA,9/3/03,9/3/03,NA,8019,NA,0,0,0,0
296,2003,HUU-004435,NA,9/3/03,9/3/03,13846,NA,NA,0,0,0,0
297,2003,HUU-004501,NA,9/3/03,10/15/03,24882,NA,NA,0,2,0,0
298,2003,LNU-6644,NA,9/3/03,9/4/03,390,NA,390,0,0,0,0
299,2003,LNU-6629,NA,9/3/03,9/3/03,1400,NA,NA,0,0,0,0
300,2003,LNU-7125,NA,9/3/03,9/10/03,NA,3500,NA,0,0,0,0
301,2003,TGU-5488,NA,9/4/03,NA,NA,400,NA,0,0,0,NA
302,2003,SHU-9940,NA,9/14/03,9/22/03,NA,3074,NA,0,0,0,0
303,2003,TUU-10986,NA,9/27/03,10/19/03,NA,1298,NA,0,0,0,0
304,2003,TGU-6202,NA,9/28/03,10/2/03,NA,6050,NA,0,0,0,0
305,2003,BDU-10299,NA,9/28/03,9/29/03,300,0,300,0,0,0,0
306,2003,BDU-10456,NA,10/1/03,10/1/03,NA,903,903,0,0,0,0
307,2003,RRU-81407,NA,10/21/03,10/23/03,2189,208,NA,3,7,0,0
308,2003,BDU-11262,NA,10/21/03,11/5/03,12289,54605,NA,136,71,0,0
309,2003,MVU-7975,NA,10/21/03,10/27/03,NA,8592,NA,0,0,0,0
310,2003,SLU-7808,NA,10/23/03,11/14/03,NA,63991,NA,8,0,0,0
311,2003,BDU-14164,NA,10/24/03,10/24/03,NA,8650,NA,1,0,0,0
312,2003,SLU-7886,NA,10/25/03,11/3/03,NA,108204,NA,300,11,0,0
313,2003,MVU-8126,NA,10/25/03,11/4/03,143734,129512,NA,NA,63,1,14
314,2003,BDU-11440,NA,10/25/03,11/14/03,NA,91281,NA,1003,7,0,6
315,2003,MVU-8151,NA,10/26/03,10/28/03,46000,NA,NA,0,0,0,0
316,2003,RRU-082809,NA,10/26/03,10/29/03,10000,NA,NA,61,0,0,0
317,2003,HUU-5720,NA,10/26/03,10/30/03,NA,315,315,0,0,0,0
318,2003,MVU-008143,NA,10/26/03,11/6/03,56700,NA,NA,223,10,0,2
319,2003,SHU-11176,NA,10/27/03,10/30/03,1200,NA,NA,0,0,0,0
320,2003,LMU-4234,NA,11/28/03,11/29/03,NA,300,300,0,0,0,0
321,2004,BDF-3917,NA,3/25/04,3/26/04,NA,350,350,1,0,0,0
322,2004,SHF-000443,NA,4/9/04,4/12/04,NA,301,301,0,0,0,0
323,2004,RRU-032913,NA,4/25/04,4/26/04,2464,NA,NA,9,0,0,0
324,2004,MVU-003337,NA,5/2/04,5/3/04,NA,2040,NA,0,0,0,0
325,2004,RRU-35190,NA,5/2/04,5/7/04,8831,NA,NA,41,0,0,0
326,2004,RRU-35197,NA,5/2/04,5/3/04,450,NA,450,0,0,0,0
327,2004,RRU-35567,NA,5/3/04,5/3/04,377,NA,377,0,0,0,0
328,2004,RRU-035517,NA,5/3/04,5/7/04,16460,NA,NA,28,0,0,0
329,2004,SLU-3169,NA,5/3/04,5/7/04,NA,1127,NA,1,0,0,0
330,2004,TUU-004886,NA,5/7/04,5/7/04,750,NA,750,0,0,0,0
331,2004,RRU-38418,NA,5/12/04,5/15/04,1845,NA,NA,0,0,0,0
332,2004,CA-PNF-379,NA,5/18/04,5/18/04,NA,560,560,0,0,0,0
333,2004,TUU-005509,NA,5/21/04,5/21/04,313,NA,313,0,0,0,0
334,2004,MMU-8972,NA,5/21/04,5/21/04,300,NA,300,0,0,0,0
335,2004,NEU-009119,NA,6/3/04,6/3/04,300,NA,300,0,0,0,0
336,2004,SCU-003038,NA,6/4/04,6/4/04,300,NA,300,0,0,0,0
337,2004,SBC-4032,NA,6/5/04,6/11/04,NA,7440,NA,4,0,0,0
338,2004,TUU-006407,NA,6/8/04,6/8/04,571,NA,571,0,0,0,0
339,2004,SNF-1029,NA,6/16/04,6/16/04,NA,385,385,0,0,0,0
340,2004,TUU-6885,NA,6/18/04,6/18/04,NA,550,550,0,0,0,0
341,2004,AEU-010202,NA,6/20/04,6/20/04,NA,400,400,0,0,0,0
342,2004,LMU-1852,NA,6/22/04,6/24/04,NA,368,368,0,0,0,0
343,2004,SQF-1461,NA,6/24/04,6/24/04,NA,871,871,0,0,0,0
344,2004,BDU-6547,NA,6/26/04,6/26/04,NA,300,300,0,0,0,0
345,2004,FKU-007654,NA,6/26/04,6/26/04,NA,5000,NA,0,0,0,0
346,2004,MMU-018987,NA,6/27/04,7/1/04,NA,5060,NA,0,0,0,0
347,2004,LNP-2017,NA,6/28/04,NA,NA,3304,NA,0,0,0,0
348,2004,BEU-002411,NA,6/30/04,7/1/04,300,NA,300,0,0,0,0
349,2004,TGU-003837,NA,7/1/04,7/1/04,375,NA,375,0,0,0,0
350,2004,MVU-5269,NA,7/1/04,7/1/04,600,NA,600,0,0,0,0
351,2004,SCU-3829,NA,7/10/04,7/11/04,700,NA,700,0,0,0,0
352,2004,RRU-055439,NA,7/11/04,7/16/04,3833,NA,NA,0,0,0,0
353,2004,FKU-08513,NA,7/11/04,7/13/04,1307,NA,NA,8,1,0,0
354,2004,BDU-7509,NA,7/12/04,7/21/04,NA,17418,NA,15,4,1,0
355,2004,NEU-011956,NA,7/13/04,7/13/04,NA,320,320,0,0,0,0
356,2004,MVU-5659,NA,7/13/04,7/15/04,8649,NA,NA,3,0,0,0
357,2004,RRU-056039,NA,7/13/04,7/13/04,350,NA,350,2,0,0,0
358,2004,TUU-008451,NA,7/14/04,7/14/04,NA,510,510,5,0,0,0
359,2004,SCU-003929,NA,7/15/04,7/16/04,NA,435,435,0,0,0,0
360,2004,RRU-57236,NA,7/17/04,7/20/04,3667,NA,NA,20,0,0,0
361,2004,BDU-7498,NA,7/17/04,7/21/04,NA,6002,NA,0,0,0,0
362,2004,FKU-008892,NA,7/18/04,7/18/04,NA,500,500,0,0,0,0
363,2004,TUU-5791,NA,7/19/04,7/24/04,NA,1500,NA,0,0,0,0
364,2004,SBC-5251,NA,7/20/04,7/22/04,NA,307,307,0,0,0,0
365,2004,TUU-008884,NA,7/22/04,7/23/04,NA,700,700,0,0,0,0
366,2004,RRU-58691,NA,7/22/04,7/22/04,750,NA,750,0,0,0,0
367,2004,LMU-2537,NA,7/22/04,7/29/04,3422,NA,NA,0,0,0,0
368,2004,SKU-003136,NA,7/24/04,7/24/04,400,NA,400,0,0,0,0
369,2004,SKU-003140,NA,7/24/04,7/26/04,2400,NA,NA,0,0,0,0
370,2004,TCU-006431,NA,7/27/04,8/14/04,879,NA,879,2,0,0,0
371,2004,SRF-3784,NA,7/28/04,8/3/04,NA,4030,NA,4,1,0,0
372,2004,TCU-006440,NA,8/6/04,8/9/04,3443,NA,NA,0,0,0,0
373,2004,BDU-9291,NA,8/7/04,8/9/04,NA,1330,NA,0,0,0,0
374,2004,SCU-4410,NA,8/8/04,8/10/04,1246,NA,NA,0,0,0,0
375,2004,NEU-13741,NA,8/8/04,8/12/04,934,NA,934,2,0,0,0
376,2004,MEU-006378,NA,8/8/04,8/11/04,328,NA,328,0,0,0,0
377,2004,TCU-006563,NA,8/10/04,8/12/04,600,NA,600,1,0,0,0
378,2004,BTU-009671,NA,8/11/04,8/15/04,2030,NA,NA,4,0,0,NA
379,2004,TCU-006534,NA,8/11/04,8/9/04,NA,1670,NA,0,0,0,0
380,2004,SHU-006278,NA,8/11/04,8/16/04,10848,NA,NA,86,28,0,0
381,2004,TUU-009943,NA,8/12/04,8/16/04,NA,3148,NA,0,0,0,0
382,2004,LMU-2930,NA,8/13/04,8/16/04,NA,500,500,0,0,0,0
383,2004,NOD-2946,NA,8/13/04,8/16/04,NA,500,500,0,0,0,0
384,2004,LMU-002930,NA,8/13/04,8/16/04,NA,500,500,0,0,0,0
385,2004,SHU-006398,NA,8/14/04,8/20/04,13005,NA,NA,30,15,0,0
386,2004,LNU-6125,NA,8/18/04,8/20/04,377,NA,377,0,0,0,0
387,2004,LNU-006346,NA,8/26/04,8/26/04,400,NA,400,1,0,0,0
388,2004,MMU-016500,NA,9/2/04,9/4/04,400,NA,400,5,10,0,0
389,2004,LNU-006644,NA,9/3/04,9/8/04,12525,NA,NA,21,0,0,0
390,2004,TCU-007413,NA,9/3/04,9/5/04,2476,NA,NA,125,3,0,0
391,2004,LNU-006675,NA,9/4/04,9/4/04,1100,100,NA,0,0,0,0
392,2004,AEU-015503,NA,9/4/04,9/4/04,700,NA,700,0,0,0,0
393,2004,BDU-9520,NA,9/7/04,9/9/04,NA,1007,NA,0,1,0,0
394,2004,LNU-6821,NA,9/7/04,9/9/04,NA,360,360,0,0,0,0
395,2004,TUU-11429,NA,9/11/04,9/12/04,NA,314,314,0,0,0,0
396,2004,MMU-017290,NA,9/12/04,9/15/04,1347,NA,NA,0,0,0,0
397,2004,TCU-007765,NA,9/12/04,9/12/04,NA,800,800,0,0,1,0
398,2004,MVU-007603,NA,9/13/04,9/13/04,965,NA,965,1,0,0,0
399,2004,AEU-017646,NA,10/6/04,10/21/04,NA,16800,NA,0,0,0,0
400,2004,LNU-007867,NA,10/10/04,10/16/04,39138,NA,NA,6,1,0,0
401,2004,AEU-018044EL,NA,10/13/04,10/17/04,NA,7700,NA,0,0,0,0
402,2004,ANF-002517,NA,7/20/04,7/23/04,NA,18026,NA,7,0,0,0
403,2005,FKU-5279,100%,5/15/05,5/16/05,NA,300,300,0,0,0,0
404,2005,FKU-5337,100%,5/17/05,5/17/05,667,NA,667,0,0,0,0
405,2005,FKU-5326,100%,5/17/05,5/17/05,NA,800,800,0,0,0,0
406,2005,RRU-41175,100%,5/19/05,6/1/05,417,NA,417,0,0,0,0
407,2005,TUU-5938,100%,6/2/05,6/2/05,800,NA,800,0,0,0,0
408,2005,RRU-46137,100%,6/2/05,6/4/05,300,NA,300,0,0,0,0
409,2005,MMU-9861,100%,6/3/05,6/3/05,1232,NA,1232,0,0,0,0
410,2005,FKU-06116,100%,6/4/05,6/5/05,5514,NA,5514,0,0,0,0
411,2005,SCU-2125,100%,6/4/05,6/4/05,1330,NA,1330,0,0,0,0
412,2005,SCU-2142,100%,6/5/05,6/5/05,320,NA,320,0,0,0,0
413,2005,BDU-5678,100%,6/6/05,6/7/05,NA,625,625,0,0,0,0
414,2005,BDU-6148,100%,6/18/05,6/19/05,1876,NA,1876,0,0,0,0
415,2005,BDU-6312,100%,6/22/05,6/25/05,3082,NA,3082,6,8,0,0
416,2005,RRU-52091,100%,6/22/05,6/24/05,2000,NA,2000,0,0,0,0
417,2005,BDU-6587,100%,6/22/05,6/27/05,NA,71000,71000,11,0,0,0
418,2005,SCU-2567,100%,7/1/05,7/2/05,490,NA,490,0,0,0,0
419,2005,MMU-11965,100%,7/2/05,7/2/05,1056,NA,1056,0,0,0,0
420,2005,BDU-9126,100%,7/5/05,7/6/05,1200,NA,1200,0,0,0,0
421,2005,RRU-56179,100%,7/5/05,7/5/05,1078,NA,1078,0,0,0,0
422,2005,TUU-7505,100%,7/7/05,7/7/05,2600,NA,2600,0,0,0,0
423,2005,TUU-7902,100%,7/9/05,7/9/05,971,NA,971,0,0,0,0
424,2005,TUU-7893,100%,7/9/05,7/9/05,NA,1150,1150,3,0,0,0
425,2005,BDU-731,100%,7/14/05,7/15/05,525,NA,525,1,0,0,0
426,2005,SCU-2920,100%,7/19/05,7/20/05,6744,NA,6744,0,1,0,0
427,2005,TUU-8421,100%,7/19/05,7/19/05,NA,1282,1282,0,0,0,0
428,2005,SCU-2922,100%,7/20/05,7/20/05,350,NA,350,0,0,0,0
429,2005,BDU-7673,100%,7/22/05,7/23/05,NA,3500,3500,0,0,0,0
430,2005,BDU-7661,100%,7/22/05,7/22/05,NA,743,743,1,0,0,0
431,2005,TGU-4548,100%,7/25/05,7/25/05,430,NA,430,0,0,0,0
432,2005,MMU-13780,100%,7/25/05,7/27/05,550,NA,550,2,0,0,0
433,2005,SCU-3058,100%,7/26/05,7/26/05,430,NA,430,0,0,0,0
434,2005,TUU-8832,100%,7/26/05,7/26/05,NA,440,440,0,0,0,0
435,2005,TUU-8868,100%,7/27/05,7/28/05,870,NA,870,0,0,0,0
436,2005,MMU-14173,100%,7/30/05,7/30/05,447,NA,447,0,0,0,0
437,2005,TCU-6468,100%,8/1/05,8/1/05,356,NA,356,0,0,0,0
438,2005,MMU-14337,100%,8/1/05,8/1/05,3200,NA,3200,0,0,0,0
439,2005,BDU-8164,100%,8/3/05,8/3/05,NA,1500,1500,0,0,0,1
440,2005,LNU-5240,100%,8/9/05,8/9/05,NA,1700,1700,0,0,0,0
441,2005,TGU-4980,100%,8/10/05,8/11/05,2700,NA,2700,0,0,0,0
442,2005,MVU-6764,100%,8/17/05,8/17/05,NA,350,350,0,0,0,0
443,2005,MMU-15859,100%,8/21/05,8/21/05,NA,400,400,0,0,0,0
444,2005,LMU-3444,100%,8/22/05,8/22/05,NA,24800,24800,0,0,0,0
445,2005,NEU-14631,100%,8/24/05,8/24/05,NA,2270,2270,0,0,0,0
446,2005,TGU-5357,100%,8/25/05,8/25/05,314,NA,314,0,0,0,0
447,2005,TGU-5384,100%,8/26/05,8/29/05,1830,NA,1830,29,1,0,0
448,2005,RRU-71914,100%,8/26/05,8/30/05,NA,5493,5493,0,0,0,0
449,2005,MMU-18533,100%,8/26/05,8/26/05,NA,500,500,0,0,0,0
450,2005,MMU-16440,100%,8/29/05,8/29/05,550,NA,550,0,0,0,0
451,2005,FKU-10238,100%,8/30/05,8/30/05,NA,1000,1000,0,0,0,0
452,2005,BDU-9477,100%,9/3/05,9/5/05,2386,NA,2386,3,0,0,0
453,2005,BEU-3316,100%,9/4/05,9/5/05,1393,NA,1393,0,0,0,0
454,2005,MVU-7518,100%,9/6/05,9/11/05,685,NA,685,30,0,0,0
455,2005,BDU-12212,100%,9/12/05,9/14/05,NA,650,650,0,0,0,0
456,2005,LNU-6400,100%,9/16/05,9/17/05,751,NA,751,1,0,0,0
457,2005,SKU-4410,100%,9/17/05,9/17/05,746.5,NA,746.5,0,0,0,0
458,2005,TUU-11469,100%,9/19/05,9/19/05,1600,NA,1600,0,0,0,0
459,2005,MMU-18117,100%,9/20/05,9/20/05,900,NA,900,0,0,0,0
460,2005,MMU-18135,100%,9/20/05,9/20/05,700,NA,700,0,0,0,0
461,2005,TUU-11723,100%,9/25/05,9/25/05,412,NA,412,0,0,0,0
462,2005,BDU-10474,100%,9/28/05,10/7/05,24175,NA,24175,13,4,0,0
463,2005,RRU-81558,100%,9/28/05,9/28/05,1100,NA,1100,3,0,0,0
464,2005,BDU-10505,100%,9/29/05,9/29/05,NA,935,935,0,0,0,0
465,2005,BDU-10546,100%,9/29/05,10/4/05,NA,1094,1094,0,0,0,0
466,2005,NEU-17311,100%,10/4/05,10/4/05,NA,400,400,0,0,0,0
467,2005,MMU-19165,100%,10/5/05,10/5/05,NA,6000,6000,0,0,0,0
468,2005,MVU-8488,100%,10/5/05,10/8/05,4103,NA,4103,0,0,0,0
469,2005,RRU-83672,100%,10/5/05,10/7/05,6500,NA,6500,0,0,0,0
470,2005,LNU-7187,100%,10/11/05,10/12/05,301,NA,301,0,0,0,0
471,2005,RRU-87002,100%,10/17/05,10/17/05,NA,500,500,0,0,0,0
472,2005,TUU-13139,100%,10/28/05,10/28/05,NA,330,330,0,0,0,0
473,2005,SHF-2589,100%,11/8/05,11/8/05,NA,468,468,0,0,0,0
474,2005,SLU-040555,100%,11/18/05,11/19/05,3891,NA,3891,2,0,0,0
475,2005,MMU-17739,100%,NA,9/15/05,435,NA,435,0,0,0,0
476,2006,BDU-861,100%,1/22/06,2/2/06,NA,485,485,0,0,0,0
477,2006,RRU-10978,100%,2/6/06,2/6/06,NA,10584,10584,0,0,0,0
478,2006,SKU-906,100%,2/25/06,2/27/06,1521,1498,3019,4,0,0,0
479,2006,FKU-3779,100%,5/13/06,5/14/06,1964,NA,1964,0,0,0,0
480,2006,BTU-8035,100%,5/16/06,5/16/06,NA,366,366,0,0,0,0
481,2006,SCU-3133,100%,5/26/06,5/26/06,1418,NA,1418,0,0,0,0
482,2006,MMU-5956,100%,5/26/06,5/26/06,753,NA,753,0,0,0,0
483,2006,RRU-44512,100%,5/27/06,5/28/06,NA,400,400,0,0,0,0
484,2006,TUU-5529,100%,5/27/06,5/27/06,NA,1700,1700,0,0,0,0
485,2006,RRU-45343,100%,5/30/06,5/30/06,317,NA,317,0,0,0,0
486,2006,RRU-46680,100%,6/3/06,6/4/06,362,NA,362,0,0,0,0
487,2006,FKU-4598,100%,6/4/06,6/4/06,371,NA,371,0,0,0,0
488,2006,FKU-4708,100%,6/7/06,6/7/06,NA,300,300,0,0,0,0
489,2006,BDU-5805,100%,6/7/06,6/7/06,357,NA,357,0,0,0,0
490,2006,BDU-5867,100%,6/9/06,6/10/06,NA,361,361,0,0,0,0
491,2006,SCU-3533,100%,6/10/06,6/10/06,335,NA,335,0,0,0,0
492,2006,TUU-6585,100%,6/17/06,6/17/06,320,NA,320,0,0,0,0
493,2006,SLU-4715  185,100%,6/19/06,6/26/06,NA,14988,14988,7,0,0,0
494,2006,CDF-262,100%,6/20/06,6/25/06,NA,4000,4000,0,0,0,0
495,2006,TUU-6967,100%,6/24/06,6/24/06,800,NA,800,1,0,0,0
496,2006,LMU-2330,100%,6/25/06,6/30/06,NA,4300,4300,0,0,0,0
497,2006,BDU-6570,100%,6/26/06,6/29/06,3750,NA,3750,0,0,0,0
498,2006,LMU-2803,100%,6/26/06,7/3/06,NA,300,300,0,0,0,0
499,2006,LMU-2372,100%,6/26/06,6/27/06,565,35,600,1,0,0,0
500,2006,LMU-2394,100%,6/26/06,6/27/06,10,490,500,0,0,0,0
501,2006,LMU-2420,100%,6/26/06,6/27/06,504,NA,504,0,0,0,0
502,2006,TGU-4055,100%,6/27/06,6/27/06,NA,1247,1247,0,0,0,0
503,2006,LMU-2439,100%,6/27/06,7/1/06,300,NA,300,0,0,0,0
504,2006,LMU-2478,100%,6/27/06,6/27/06,450,NA,450,0,0,0,0
505,2006,SCU-4033,100%,6/30/06,7/3/06,2590,NA,2590,0,0,0,0
506,2006,SCU-4078,100%,7/2/06,7/2/06,460,NA,460,0,0,0,0
507,2006,TCU-5732,100%,7/3/06,7/5/06,2000,NA,2000,0,0,0,0
508,2006,BDU-7074,100%,7/6/06,7/7/06,NA,420,420,0,0,0,0
509,2006,BDU-10778,100%,7/6/06,7/12/06,488,NA,488,0,0,0,0
510,2006,RRU-57746,100%,7/7/06,7/10/06,NA,2000,2000,0,0,0,0
511,2006,LMU-2802,100%,7/9/06,7/9/06,NA,1780,1780,0,0,0,0
512,2006,TUU-7901,100%,7/9/06,7/12/06,698,NA,698,0,0,0,0
513,2006,SCU-4303,100%,7/9/06,7/17/06,34000,NA,34000,11,1,0,0
514,2006,BDU-7229,100%,7/9/06,7/20/06,62000,NA,62000,273,14,0,1
515,2006,RRU-59480,100%,7/9/06,7/9/06,NA,24210,24210,0,0,0,0
516,2006,BBD-2110,100%,7/11/06,7/12/06,NA,1500,1500,0,0,0,0
517,2006,SCU-4345,100%,7/11/06,7/11/06,6400,NA,6400,0,0,0,0
518,2006,BDU-7456,100%,7/14/06,7/15/06,575,NA,575,0,0,0,0
519,2006,MMU-8565,100%,7/14/06,7/14/06,NA,500,500,1,0,0,0
520,2006,BTU-8059,100%,7/17/06,7/17/06,451,NA,451,0,0,0,0
521,2006,LNU-5007,100%,7/17/06,7/21/06,550,NA,550,3,0,0,0
522,2006,MEU-5124,100%,7/17/06,7/17/06,321,NA,321,0,0,0,0
523,2006,LMU-2968,100%,7/18/06,7/21/06,1234,NA,1234,0,0,0,0
524,2006,MVU-6638,100%,7/20/06,7/20/06,315,NA,315,0,0,0,0
525,2006,TUU-8471,100%,7/20/06,7/21/06,1325,NA,1325,0,0,0,0
526,2006,MMU-8926,100%,7/21/06,7/21/06,NA,25007,25007,0,0,0,0
527,2006,KNP-26,NA,7/21/06,NA,NA,627,627,0,0,0,0
528,2006,BDU-7798,100%,7/22/06,7/22/06,NA,448,448,6,0,0,0
529,2006,BEU-2665,100%,7/22/06,7/27/06,14506,NA,14506,0,0,0,0
530,2006,BDU-7845,100%,7/22/06,7/26/06,993,0,993,10,0,0,0
531,2006,TUU-9072,100%,7/22/06,7/28/06,445,NA,445,0,0,0,0
532,2006,TUU11375,100%,7/23/06,7/23/06,600,NA,600,0,0,0,0
533,2006,SLU-5902,100%,7/23/06,7/23/06,660,NA,660,0,0,0,0
534,2006,RRU-6747,100%,7/23/06,8/1/06,NA,16681,16681,0,0,0,0
535,2006,RRU-62919,100%,7/23/06,7/26/06,467,NA,467,0,0,0,0
536,2006,SKU-3536,100%,7/23/06,9/24/06,NA,3318,3318,0,0,2,0
537,2006,SKU-3497,100%,7/23/06,10/31/06,NA,30454,30454,1,0,0,0
538,2006,SRF-997,100%,7/24/06,9/30/06,NA,15710,15710,1,0,0,0
539,2006,TUU-11376,100%,7/24/06,7/29/06,3194,NA,3194,0,0,0,0
540,2006,HUU-5068,100%,7/24/06,8/7/06,NA,904,904,0,0,0,0
541,2006,BDU-10779,100%,7/25/06,7/25/06,1094,NA,1094,0,0,0,0
542,2006,SKU-3541,100%,7/25/06,8/1/06,NA,480,480,0,0,0,0
543,2006,MEU-5437,100%,7/26/06,7/26/06,NA,16296,16296,0,0,0,0
544,2006,MMU-9238,100%,7/26/06,7/26/06,477,NA,477,0,0,0,0
545,2006,SKU-3583,100%,7/26/06,7/28/06,1283,NA,1283,1,1,0,0
546,2006,SHU-7170,100%,7/27/06,7/27/06,NA,100414,100414,0,0,0,0
547,2006,LMU-3200,100%,7/27/06,8/5/06,NA,4855,4855,0,0,0,0
548,2006,SHU-5863,100%,7/29/06,7/29/06,3126,NA,3126,1,0,0,0
549,2006,SLU-6169,100%,8/1/06,8/1/06,400,NA,400,0,0,0,0
550,2006,TGU-5100,100%,8/2/06,8/2/06,NA,6854,6854,0,0,0,0
551,2006,TUU-9299,100%,8/5/06,8/6/06,NA,2346,2346,0,1,0,0
552,2006,BDU-7707,100%,8/7/06,8/7/06,NA,532,532,0,0,0,0
553,2006,RRU-67809,100%,8/8/06,8/10/06,800,NA,800,0,0,0,0
554,2006,RRU-69073,100%,8/12/06,8/13/06,300,NA,300,0,0,0,0
555,2006,BDU-10792,100%,8/13/06,8/16/06,4864,NA,4864,2,1,0,0
556,2006,NEU-15663,100%,8/16/06,8/17/06,388,NA,388,1,0,0,0
557,2006,MMU-10498,100%,8/21/06,8/22/06,NA,536,536,0,0,0,0
558,2006,BDU-9392,100%,8/29/06,8/29/06,384,537,921,1,1,0,0
559,2006,SHU-7012,20%,9/2/06,10/16/06,NA,6452,6452,0,0,0,0
560,2006,NEU-17281,100%,9/5/06,9/18/06,NA,8423,8423,2,0,0,0
561,2006,BDU-10098,100%,9/14/06,9/15/06,NA,7434,7434,2,NA,NA,NA
562,2006,RRU-79592,100%,9/16/06,9/16/06,1580,NA,1580,0,5,0,0
563,2006,RRU-79875,100%,9/17/06,9/17/06,1200,470,1670,3,2,0,0
564,2006,BDU-10271,100%,9/19/06,9/21/06,NA,2370,2370,0,0,0,0
565,2006,NEU-18269,100%,9/19/06,9/26/06,NA,2114,2114,0,0,0,0
566,2006,LNU-7269,100%,9/22/06,9/22/06,500,NA,500,0,0,0,0
567,2006,LNU-7284,100%,9/22/06,9/24/06,387,NA,387,0,0,0,0
568,2006,FKU-9073,100%,9/24/06,9/24/06,NA,800,800,0,0,0,0
569,2006,MEU-7298,100%,9/24/06,9/30/06,1014,NA,1014,0,0,0,0
570,2006,MMU-12758,100%,10/7/06,10/7/06,450,NA,450,0,0,0,0
571,2006,SLU-8061,100%,10/9/06,10/10/06,850,NA,850,0,0,0,0
572,2006,SNF-2579,100%,10/10/06,NA,NA,341,341,0,0,0,0
573,2006,RRU-87499,100%,10/13/06,10/14/06,497,NA,497,0,0,0,0
574,2006,FKU-10105,100%,10/25/06,10/25/06,1600,NA,1600,0,0,0,0
575,2006,RRU-09//90,100%,10/26/06,10/31/06,40200,NA,40200,54,0,5,1
576,2006,BCD-44185,100%,11/6/06,11/7/06,NA,640,640,2,NA,NA,NA
577,2006,VNC-3565,100%,12/3/06,12/5/06,13600,NA,13600,7,11,0,0
578,2006,BDC-48105,100%,12/4/06,12/4/06,NA,525,525,0,0,0,0
579,2006,KRN-035228,100%,12/7/06,12/9/06,4025,NA,4025,0,0,0,0
580,2006,BTU-7042,100%,6/25/06,7/5/06,NA,3500,3500,2,0,0,0
581,2007,RRU-1600,NA,1/5/07,1/6/07,671,NA,671,0,0,0,0
582,2007,SLU-338,NA,1/14/07,1/16/07,332,NA,332,1,0,0,0
583,2007,RRU-19979,NA,3/4/07,3/4/07,680,NA,680,0,0,0,0
584,2007,ORC-16557,NA,3/11/07,3/13/07,2036,NA,NA,2,1,0,0
585,2007,RRU-22254,NA,3/11/07,3/12/07,1044,NA,NA,0,0,0,0
586,2007,FKU-2844,NA,3/22/07,3/23/07,300,NA,300,0,0,0,0
587,2007,BDC-13362,NA,3/31/07,4/1/07,NA,4100,NA,1,1,0,0
588,2007,CDD-4439,NA,4/6/07,4/8/07,NA,901,901,0,0,0,0
589,2007,DVP-4840,NA,4/14/07,4/15/07,NA,1988,NA,0,0,0,0
590,2007,RRU-37425,NA,4/28/07,4/29/07,NA,488,488,0,0,0,0
591,2007,BBD-817,NA,4/29/07,5/3/07,NA,1350,NA,0,0,0,0
592,2007,RRU-40815,NA,5/8/07,5/9/07,990,NA,990,0,0,0,0
593,2007,LFD-0648,NA,5/8/07,5/11/07,NA,817,817,0,1,0,0
594,2007,LAC-102481,NA,5/10/07,5/15/07,4750,NA,NA,6,4,0,0
595,2007,BBD-920,NA,5/13/07,5/15/07,NA,525,525,2,0,0,0
596,2007,LNU-3042,NA,5/18/07,5/22/07,450,NA,450,0,0,0,0
597,2007,LAC-7109398,NA,5/19/07,5/22/07,2050,NA,NA,0,0,0,0
598,2007,MMU-5998,NA,5/20/07,5/20/07,338,NA,338,0,0,0,0
599,2007,BTU-5890,NA,5/22/07,5/23/07,726,NA,726,0,0,0,0
600,2007,SHF-719,NA,5/22/07,5/27/07,NA,730,730,0,0,0,0
601,2007,TUU-5701,NA,5/28/07,5/30/07,410,NA,410,0,0,0,0
602,2007,TUU-5940,NA,6/3/07,6/4/07,2140,NA,NA,0,0,0,0
603,2007,SQF-1317,NA,6/3/07,6/28/07,NA,4196,NA,0,0,0,0
604,2007,MVU-5376,NA,6/5/07,6/6/07,1500,NA,NA,0,0,0,0
605,2007,TIA-1390,NA,6/11/07,6/17/07,NA,500,500,0,0,0,0
606,2007,TGU-4063,NA,6/13/07,6/16/07,387,NA,387,0,0,0,0
607,2007,LMU-2692,NA,6/23/07,6/23/07,314,NA,314,3,0,0,0
608,2007,TMU-11011,NA,6/24/07,7/2/07,NA,3100,NA,309,35,0,0
609,2007,KRN-18055,NA,6/24/07,7/3/07,12454,NA,NA,31,1,0,0
610,2007,KRN-17959,NA,6/24/07,6/25/07,761,NA,761,0,0,0,0
611,2007,TGU-4489,NA,6/28/07,6/28/07,446,NA,446,0,0,0,0
612,2007,FHL-950,NA,6/28/07,6/28/07,NA,2300,NA,0,0,0,0
613,2007,LPF-980,NA,6/30/07,7/3/07,NA,482,482,0,0,0,0
614,2007,SBC-5316,NA,7/4/07,9/2/07,240207,NA,NA,1,0,0,0
615,2007,PNF-396,NA,7/5/07,7/13/07,NA,22902,NA,2,0,0,0
616,2007,BDU-7330,NA,7/5/07,7/6/07,467,NA,467,0,0,0,0
617,2007,INF-783,NA,7/6/07,7/16/07,NA,35176,NA,33,0,0,0
618,2007,TIA-1875,NA,7/6/07,7/7/07,NA,1005,NA,0,0,0,0
619,2007,LAC-7148415,NA,7/7/07,7/8/07,815,NA,815,0,0,0,0
620,2007,MDF-359,NA,7/10/07,7/19/07,NA,8121,NA,11,0,0,0
621,2007,SHU-5201,NA,7/10/07,7/12/07,776,NA,776,0,0,0,0
622,2007,MEU-5025,NA,7/10/07,7/16/07,443,NA,443,0,0,0,0
623,2007,KNF-3176,NA,7/10/07,9/15/07,NA,17684,NA,0,0,1,0
624,2007,INF-801,NA,7/10/07,7/12/07,NA,680,680,0,0,0,0
625,2007,KNF-3238,NA,7/13/07,7/21/07,NA,2906,NA,0,0,0,0
626,2007,KRN-721415,NA,7/21/07,7/22/07,364,NA,364,0,0,0,0
627,2007,BTU-9279,NA,8/3/07,8/7/07,382,NA,382,0,0,0,0
628,2007,BTU-9467,NA,8/7/07,8/7/07,1057,NA,NA,0,0,0,0
629,2007,FKU-8730,NA,8/10/07,8/19/07,5644,NA,NA,0,0,0,0
630,2007,SKU-3868,NA,8/13/07,8/17/07,841,NA,841,0,0,0,0
631,2007,LNU-5933,NA,8/14/07,8/15/07,400,NA,400,1,0,0,0
632,2007,TCU-7609,NA,8/16/07,8/16/07,540,NA,540,0,0,0,0
633,2007,SBC-6785,NA,8/20/07,8/22/07,450,NA,450,0,0,0,0
634,2007,SQF-2842,NA,8/22/07,8/26/07,NA,420,420,0,0,0,0
635,2007,SQF-2947,NA,8/27/07,9/8/07,NA,1022,NA,0,0,0,0
636,2007,SHF-1882,NA,8/29/07,9/3/07,NA,1440,NA,0,0,0,0
637,2007,SHF-1912,NA,8/29/07,9/9/07,NA,599,599,0,0,0,0
638,2007,BEU-3537,NA,8/30/07,9/2/07,486,NA,486,0,0,0,0
639,2007,ANF-3631,NA,9/2/07,9/8/07,NA,2200,NA,0,0,0,0
640,2007,SCU-5214,NA,9/3/07,9/11/07,47760,NA,NA,24,0,0,0
641,2007,PNF-670,NA,9/3/07,9/15/07,NA,64997,NA,21,1,0,0
642,2007,YNP-3927,NA,9/6/07,9/10/07,NA,425,425,0,0,0,0
643,2007,RRU-79386,NA,9/10/07,9/11/07,388,NA,388,0,0,0,0
644,2007,CNF-2463,NA,9/12/07,9/16/07,NA,2170,NA,0,0,0,0
645,2007,BDF-9435,NA,9/14/07,10/1/07,NA,14039,NA,3,0,0,0
646,2007,MVU-9233,NA,9/15/07,9/21/07,837,NA,837,24,0,0,0
647,2007,ANF-4306,NA,10/20/07,10/30/07,NA,58401,NA,10,2,0,0
648,2007,MVU-010432,NA,10/21/07,10/31/07,197990,NA,NA,1650,85,0,0
649,2007,MVU-010427,NA,10/21/07,11/9/07,90440,NA,NA,472,257,0,1
650,2007,LAC-07232185,NA,10/21/07,10/26/07,38356,NA,NA,63,30,0,0
651,2007,ORC-68555,NA,10/21/07,11/8/07,28400,NA,NA,24,20,0,0
652,2007,LAC-07231849,NA,10/21/07,10/27/07,4521,NA,NA,8,14,0,0
653,2007,CNF-2786,NA,10/21/07,10/25/07,NA,353,353,2,0,0,0
654,2007,LPF-1783,NA,10/21/07,10/23/07,NA,710,710,0,0,0,0
655,2007,BDF-10570,NA,10/22/07,10/31/07,NA,12759,NA,272,43,0,0
656,2007,MVU-10502,NA,10/22/07,11/5/07,9472,NA,NA,248,245,0,0
657,2007,BDF-10566,NA,10/22/07,10/29/07,NA,1247,NA,178,22,0,0
658,2007,LAC-07233077,NA,10/22/07,10/27/07,2824,NA,NA,0,0,0,0
659,2007,SMC-5592,NA,10/22/07,10/23/07,NA,300,300,2,0,0,0
660,2007,MVU-10643,NA,10/23/07,11/11/07,49410,NA,NA,217,12,0,0
661,2007,MCP-001111,NA,10/23/07,10/28/07,NA,21004,NA,0,0,0,0
662,2007,YNP-4850,NA,10/29/07,12/15/07,NA,1108,NA,0,0,0,0
663,2007,INF-1271,NA,10/30/07,11/15/07,NA,560,560,0,0,0,0
664,2007,LAC-259483,NA,11/24/07,11/27/07,4901,NA,NA,86,46,0,0
665,2008,RRU-99962,100%,11/15/08,11/22/08,30305,NA,NA,200,45,0,0
666,2008,LNU-1057,100%,2/13/08,2/13/08,NA,400,400,0,0,0,0
667,2008,BDU-002993,100%,3/16/08,3/20/08,680,NA,680,0,0,0,0
668,2008,YNP-764,100%,4/9/08,4/19/08,1130,1130,NA,0,0,0,NA
669,2008,RRU-32590,100%,4/11/08,5/29/08,NA,424,424,0,0,0,0
670,2008,NA,100%,4/26/08,5/2/08,584,584,NA,0,0,0,NA
671,2008,BDF-5147,100%,4/29/08,5/4/08,NA,769,769,0,0,0,0
672,2008,INF-282,100%,5/6/08,5/23/08,NA,1225,NA,0,0,0,0
673,2008,TGU-003102,100%,5/6/08,5/9/08,1331,NA,NA,0,0,0,0
674,2008,ANF-1444,100%,5/14/08,5/21/08,NA,490,490,0,0,0,0
675,2008,FKU-5639,100%,5/20/08,5/21/08,1100,NA,NA,0,0,0,0
676,2008,FKU-5724,100%,5/22/08,5/22/08,331,NA,331,0,0,0,0
677,2008,SCU-2548,100%,5/22/08,5/27/08,4270,NA,NA,91,6,0,0
678,2008,SQF-967,90%,5/28/08,7/20/08,NA,15300,NA,0,0,0,0
679,2008,NA,100%,5/28/08,5/29/08,424,NA,424,0,0,0,0
680,2008,LNU-4180,100%,6/5/08,6/6/08,322,NA,322,0,0,0,0
681,2008,KRN-016886,100%,6/6/08,6/8/08,507,NA,507,0,0,0,0
682,2008,CDD-6343,100%,6/7/08,6/10/08,NA,356,356,0,1,0,0
683,2008,SQF-1023,100%,6/7/08,6/8/08,NA,312,312,0,0,0,0
684,2008,LPF-1491,100%,6/8/08,7/10/08,NA,81378,NA,15,1,0,0
685,2008,AEU-10884,100%,6/10/08,6/12/08,NA,6400,NA,0,0,0,0
686,2008,BTU-7021,100%,6/10/08,6/13/08,NA,1600,NA,41,0,0,0
687,2008,LNU-4321,100%,6/10/08,6/13/08,989,NA,989,0,0,0,0
688,2008,MMU-7347,100%,6/10/08,6/11/08,3300,NA,NA,0,0,0,0
689,2008,TCU-5302,100%,6/10/08,6/11/08,1346,NA,NA,2,0,0,0
690,2008,BTU-7089,100%,6/11/08,6/21/08,23344,NA,NA,351,7,0,0
691,2008,CZU-5238,100%,6/11/08,6/28/08,520,NA,520,11,3,0,0
692,2008,MNF-2009,100%,6/12/08,6/22/08,NA,7783,NA,0,0,0,0
693,2008,CZU-5581,100%,6/20/08,6/24/08,630,NA,630,87,0,0,0
694,2008,MEU-4607,100%,6/20/08,6/30/08,1000,NA,NA,0,0,0,0
695,2008,SHF-1041,100%,6/20/08,8/15/08,NA,98715,NA,5,0,0,0
696,2008,SRF-1036,10%,6/20/08,NA,NA,900,900,0,0,0,0
697,2008,SRF-1120,100%,6/20/08,7/21/08,NA,3705,NA,0,0,0,0
698,2008,SRF-1123,100%,6/20/08,7/28/08,NA,15146,NA,1,0,0,0
699,2008,SRF-1126,100%,6/20/08,9/15/08,NA,29327,NA,0,0,0,0
700,2008,BEU-2390,100%,6/21/08,6/24/08,3870,NA,NA,0,0,0,0
701,2008,BTU-7577,100%,6/21/08,7/9/08,715,NA,715,0,0,0,0
702,2008,BTU-7581,100%,6/21/08,6/21/08,3206,NA,NA,0,0,0,0
703,2008,BTU-7594,100%,6/21/08,6/21/08,4000,6000,NA,0,0,0,0
704,2008,BTU,100%,6/21/08,6/21/08,1248,NA,NA,0,0,0,0
705,2008,BTU-9812,100%,6/21/08,6/21/08,800,NA,800,0,0,0,0
706,2008,HUU-3423,100%,6/21/08,8/1/08,1076,NA,NA,0,0,0,0
707,2008,KNF-2975,95%,6/21/08,NA,NA,82186,NA,0,0,1,0
708,2008,LMU-2725,50%,6/21/08,6/22/08,3000,NA,NA,0,0,0,0
709,2008,LNF-2713,100%,6/21/08,7/20/08,NA,19718,NA,0,0,0,0
710,2008,LNF-2782,100%,6/21/08,7/2/08,NA,7842,NA,0,0,0,0
711,2008,LNU-4790,100%,6/21/08,6/26/08,4200,NA,NA,1,0,0,0
712,2008,LPF-1649,100%,6/21/08,7/27/08,NA,162818,NA,58,9,0,0
713,2008,MEU-4617,100%,6/21/08,6/21/08,3000,NA,NA,0,0,0,0
714,2008,MEU-4619,100%,6/21/08,7/13/08,3000,NA,NA,0,0,0,0
715,2008,MEU-4623,100%,6/21/08,7/17/08,4466,NA,NA,0,0,0,0
716,2008,MEU-4639,100%,6/21/08,7/9/08,391,NA,391,0,0,0,0
717,2008,MEU-4653,100%,6/21/08,7/13/08,3000,NA,NA,0,0,0,0
718,2008,MEU-4669,100%,6/21/08,7/13/08,327,NA,327,0,0,0,0
719,2008,MEU-4673,100%,6/21/08,7/13/08,373,NA,373,0,0,0,0
720,2008,MEU-4675,100%,6/21/08,8/1/08,7515,NA,NA,0,0,0,0
721,2008,MEU-4691,100%,6/21/08,7/12/08,469,NA,469,0,0,0,0
722,2008,MEU-4703,100%,6/21/08,7/13/08,3000,NA,3000,0,0,0,0
723,2008,MNF-579,100%,6/21/08,6/29/08,NA,3000,NA,2,0,0,0
724,2008,MNF-645,100%,6/21/08,7/26/08,NA,8632,NA,4,0,0,0
725,2008,PNF-0539,100%,6/21/08,9/30/08,NA,47680,NA,3,0,0,0
726,2008,SCU-3094,100%,6/21/08,6/24/08,750,0,750,0,0,0,0
727,2008,SHF-1057,100%,6/21/08,9/9/08,NA,105805,NA,2,1,9,0
728,2008,SHU-4711,100%,6/21/08,7/24/08,4000,NA,NA,9,0,0,0
729,2008,SHU-4733,100%,6/21/08,7/15/08,2054,NA,NA,0,0,0,0
730,2008,SHU-4743,100%,6/21/08,7/2/08,388,NA,388,0,0,0,0
731,2008,SHU-4772,100%,6/21/08,7/2/08,557,NA,557,0,0,0,0
732,2008,SHU-5566,100%,6/21/08,7/6/08,1200,NA,NA,0,0,0,0
733,2008,SHU-5568,100%,6/21/08,7/7/08,1148,NA,NA,0,0,0,0
734,2008,SHU-5582,100%,6/21/08,8/9/08,6030,NA,NA,0,0,0,0
735,2008,SHU-5626,100%,6/21/08,7/24/08,4200,NA,NA,0,0,0,0
736,2008,SHU-5632,100%,6/21/08,7/4/08,12980,NA,NA,0,0,0,0
737,2008,SHU-5656,100%,6/21/08,7/23/08,1311,NA,NA,0,0,0,0
738,2008,SHU-5817,100%,6/21/08,7/24/08,600,NA,600,0,0,0,0
739,2008,SHU-5822,100%,6/21/08,7/24/08,1200,NA,NA,0,0,0,0
740,2008,SHU-5826,100%,6/21/08,7/24/08,4800,NA,NA,0,0,0,0
741,2008,SHU-5827,100%,6/21/08,7/24/08,2400,NA,NA,0,0,0,0
742,2008,SHU-5829,100%,6/21/08,7/24/08,4200,NA,NA,0,0,0,0
743,2008,SHU-5835,100%,6/21/08,8/23/08,27936,NA,NA,12,0,0,0
744,2008,SNF-0718,100%,6/21/08,7/2/08,NA,600,600,0,0,0,0
745,2008,SNF-715,100%,6/21/08,6/26/08,NA,2200,NA,0,0,0,0
746,2008,STF-1063,100%,6/21/08,7/3/08,NA,2889,NA,0,0,0,0
747,2008,TNF-1011,100%,6/21/08,7/30/08,NA,20541,NA,2,0,0,0
748,2008,TNF-1015,100%,6/21/08,7/15/08,NA,4254,NA,0,0,0,0
749,2008,WNP-1095,100%,6/21/08,7/19/08,NA,6420,NA,0,0,0,0
750,2008,BTU-9806,100%,6/21/08,6/21/08,1248,NA,NA,0,0,0,0
751,2008,CZU-5708,100%,6/22/08,6/29/08,300,NA,300,0,0,0,0
752,2008,KNF-3393,90%,6/22/08,9/30/08,NA,192038,NA,0,0,2,0
753,2008,LMU-2725,100%,6/22/08,7/8/08,3000,NA,NA,0,0,0,0
754,2008,LNF-2776,100%,6/22/08,6/26/08,NA,600,600,0,0,0,0
755,2008,LNF-2781,100%,6/22/08,6/29/08,NA,2100,NA,0,0,0,0
756,2008,LNU-4843,100%,6/22/08,6/29/08,15000,NA,NA,0,0,0,0
757,2008,MEU-4730,100%,6/22/08,7/10/08,3000,NA,NA,0,0,0,0
758,2008,MEU-4752,100%,6/22/08,7/12/08,999,NA,NA,0,0,0,0
759,2008,MEU-4753,100%,6/22/08,7/13/08,1000,NA,NA,0,0,0,0
760,2008,SHU-5554,100%,6/22/08,7/4/08,1912,NA,NA,0,0,0,0
761,2008,LMU-2759,100%,6/23/08,7/7/08,12500,NA,NA,0,0,0,0
762,2008,MMU-8107,100%,6/23/08,7/6/08,2789,NA,NA,0,0,0,0
763,2008,TGU-4261,100%,6/24/08,7/1/08,13580,NA,NA,0,0,0,0
764,2008,SQF-1356,100%,6/28/08,7/25/08,NA,37026,NA,51,0,0,0
765,2008,MEU-5011,100%,6/30/08,6/30/08,5581,NA,NA,0,0,0,0
766,2008,LPF-1778,100%,7/1/08,7/28/08,NA,9443,NA,4,0,0,0
767,2008,TUU-348,100%,7/1/08,7/2/08,450,NA,450,2,0,0,0
768,2008,LMU-2934,100%,7/2/08,7/4/08,350,NA,350,0,0,0,0
769,2008,MEU-5102,100%,7/3/08,7/3/08,3000,NA,NA,0,0,0,0
770,2008,MEU-5132,100%,7/4/08,7/4/08,2800,NA,NA,0,0,0,0
771,2008,MEU-5136,100%,7/4/08,7/10/08,1200,NA,NA,0,0,0,0
772,2008,MEU-5139,100%,7/4/08,7/4/08,550,NA,550,0,0,0,0
773,2008,MEU-5147,100%,7/4/08,7/4/08,750,NA,750,0,0,0,0
774,2008,MEU-5148,100%,7/4/08,7/15/08,391,NA,391,0,0,0,0
775,2008,MEU-5152,100%,7/4/08,7/13/08,925,NA,925,0,0,0,0
776,2008,MEU-5155,100%,7/4/08,7/15/08,2000,NA,NA,0,0,0,0
777,2008,MEU-5159,100%,7/4/08,7/8/08,3000,NA,NA,0,0,0,0
778,2008,MEU-5160,100%,7/4/08,7/15/08,1700,NA,NA,0,0,0,0
779,2008,MEU-5164,100%,7/4/08,7/8/08,1000,NA,NA,0,0,0,0
780,2008,MEU-5165,100%,7/4/08,7/13/08,3000,NA,NA,0,0,0,0
781,2008,MEU-5167,100%,7/4/08,7/15/08,3000,NA,NA,0,0,0,0
782,2008,MEU-5170,100%,7/4/08,7/12/08,528,NA,528,0,0,0,0
783,2008,MEU-5227,100%,7/5/08,7/5/08,650,NA,650,0,0,0,0
784,2008,MEU-5277,100%,7/7/08,7/7/08,1000,NA,NA,0,0,0,0
785,2008,MMU-9015,100%,7/10/08,7/11/08,800,NA,800,0,0,0,0
786,2008,KNP-0020,100%,7/19/08,11/11/08,NA,11596,NA,0,0,0,0
787,2008,MMU-9594,100%,7/21/08,7/22/08,700,NA,700,0,0,0,0
788,2008,KNF-3624,100%,7/24/08,9/30/08,NA,72344,NA,0,0,1,0
789,2008,MMU-9779,100%,7/25/08,9/15/08,34091,NA,NA,130,0,0,0
790,2008,PNF-0784,100%,7/29/08,8/10/08,NA,6112,NA,9,0,0,0
791,2008,BTU-9395,100%,8/3/08,8/11/08,2001,NA,NA,2,0,0,0
792,2008,INF-0656,100%,8/3/08,8/8/08,NA,300,300,0,0,0,0
793,2008,BEU-3008,100%,8/7/08,8/8/08,400,NA,400,0,0,0,0
794,2008,BTU-9802,100%,8/13/08,8/13/08,1651,NA,NA,0,0,0,0
795,2008,BTU-9805,100%,8/13/08,8/3/08,2000,NA,NA,0,0,0,0
796,2008,BTU-9807,100%,8/13/08,8/13/08,47647,NA,NA,117,0,0,0
797,2008,BTU-9818,100%,8/13/08,8/13/08,1324,NA,NA,0,0,0,0
798,2008,TUU-485,100%,8/14/08,8/15/08,600,NA,600,0,0,0,0
799,2008,TUU-486,100%,8/14/08,8/14/08,500,NA,500,0,0,0,0
800,2008,TUU-488,100%,8/14/08,8/15/08,500,NA,500,0,0,0,0
801,2008,BNP-437,100%,8/17/08,8/22/08,NA,6900,NA,0,0,0,0
802,2008,KNF-4096,100%,8/17/08,8/21/08,NA,374,374,0,0,0,0
803,2008,FKR-9403,100%,8/19/08,8/20/08,946,NA,946,0,0,0,0
804,2008,NEU-18862,100%,9/1/08,9/3/08,1000,NA,NA,16,0,0,0
805,2008,SHF-1944,100%,9/7/08,9/11/08,NA,2847,NA,0,0,0,0
806,2008,SHF-1949,100%,9/7/08,9/9/08,NA,343,343,0,0,0,0
807,2008,HIA-220,100%,9/8/08,9/14/08,NA,381,381,0,0,0,0
808,2008,KNP-0035,100%,9/10/08,NA,NA,3668,NA,0,0,0,0
809,2008,LPF-2754,100%,9/25/08,NA,NA,16269,NA,0,0,0,0
810,2008,MCP-08-2515,100%,9/25/08,NA,NA,400,400,0,0,0,0
811,2008,STF-2458,NA,9/30/08,NA,NA,919,919,0,0,0,0
812,2008,MCP-2640,100%,10/8/08,NA,NA,1400,NA,0,0,0,0
813,2008,LNU-8342,100%,10/10/08,NA,300,NA,300,2,0,0,0
814,2008,ANF-3833,100%,10/12/08,NA,NA,4824,NA,65,9,0,0
815,2008,MRN-2428,100%,10/12/08,NA,303,NA,303,1,0,0,0
816,2008,LAC-8231953,100%,10/13/08,NA,14703,NA,NA,78,15,0,0
817,2008,MCP-2699,100%,10/13/08,NA,NA,4026,NA,0,0,0,0
818,2008,YNP-764,100%,10/14/08,NA,NA,450,450,0,0,0,0
819,2008,BDU-11764,100%,10/22/08,NA,324,NA,324,0,0,0,0
820,2008,BTU-12764,100%,10/23/08,NA,1310,NA,NA,0,0,0,0
821,2008,BTU-12769,100%,10/23/08,NA,420,NA,420,0,0,0,0
822,2008,SBC-9981,100%,11/13/08,NA,1940,NA,NA,210,20,0,0
823,2008,LFD-1460,100%,11/14/08,NA,5630,5632,NA,634,147,0,0
824,2008,MEU-4941,100%,6/27/08,7/15/08,450,NA,450,0,0,0,0
825,2009,BDU-1287,100%,2/5/09,2/7/09,945,NA,945,0,0,0,0
826,2009,LPF-1479,100%,5/5/09,5/20/09,NA,8733,NA,160,17,0,0
827,2009,SCU-2013,100%,5/13/09,5/16/09,570,NA,570,0,0,0,0
828,2009,JTP-7519,100%,5/24/09,5/26/09,NA,450,450,0,0,0,0
829,2009,RRU-046619,100%,5/27/09,5/27/09,500,NA,500,0,0,0,0
830,2009,TUU-126,100%,5/28/09,5/31/09,485,NA,485,0,0,0,0
831,2009,YNP-1510,100%,5/30/09,7/13/09,NA,3047,NA,0,0,0,0
832,2009,YNP-1659,100%,6/8/09,7/11/09,NA,1661,NA,0,0,0,0
833,2009,SQF-2025,100%,6/17/09,7/11/09,NA,900,900,0,0,0,0
834,2009,SCU-2565,100%,6/19/09,6/19/09,2163,NA,NA,0,0,0,0
835,2009,KRN-18041,100%,6/22/09,6/22/09,690,NA,690,0,0,0,0
836,2009,TCU-5820,100%,6/28/09,6/28/09,410,NA,410,0,0,0,0
837,2009,LNU-4337,100%,6/29/09,7/2/09,716,NA,716,3,0,0,0
838,2009,SQF-2139,100%,6/30/09,8/21/09,NA,3988,NA,0,0,0,0
839,2009,SRF-1131,100%,7/1/09,7/24/09,NA,6324,NA,0,0,1,0
840,2009,LPF-2787,100%,7/11/09,7/13/09,NA,350,350,0,0,0,0
841,2009,MCP-091662,100%,7/11/09,7/14/09,NA,2200,NA,0,0,0,0
842,2009,ANF-2787,100%,7/13/09,7/14/09,NA,304,304,0,0,0,0
843,2009,NEU-14435,100%,7/16/09,7/18/09,650,NA,650,0,0,0,0
844,2009,INF-885,100%,7/18/09,7/27/09,NA,3268,NA,0,0,0,0
845,2009,KNF-4692,100%,7/19/09,7/27/09,NA,3225,NA,3,0,0,0
846,2009,STF-2207,100%,7/26/09,8/11/09,NA,6130,NA,0,0,0,0
847,2009,MMU-10699,100%,7/27/09,7/29/09,300,NA,300,0,0,0,0
848,2009,YNP-2968,100%,7/29/09,8/31/09,NA,1100,NA,0,0,0,0
849,2009,LNF-3923,100%,8/1/09,8/12/09,NA,11269,NA,0,0,0,0
850,2009,LPF-2536,100%,8/1/09,8/7/09,NA,458,458,0,0,0,0
851,2009,NOD-3703,100%,8/1/09,8/7/09,NA,1500,NA,0,0,0,0
852,2009,NOD-3741,100%,8/1/09,8/3/09,NA,1600,NA,0,0,0,0
853,2009,LNF-3874,100%,8/2/09,8/12/09,NA,1000,NA,0,0,0,0
854,2009,LNP-3883,100%,8/2/09,8/21/09,NA,1664,NA,0,0,0,0
855,2009,SHU-5629,100%,8/3/09,8/16/09,6895,NA,NA,0,0,0,0
856,2009,SHU-5630,100%,8/3/09,8/17/09,50,NA,50,0,0,0,0
857,2009,SHU-5639,100%,8/3/09,8/17/09,3918,NA,NA,0,0,0,0
858,2009,SHU-5641,100%,8/3/09,8/17/09,404,NA,404,0,0,0,0
859,2009,SHU-5652,100%,8/3/09,8/14/09,6319,NA,NA,0,0,0,0
860,2009,SHU-5653,100%,8/3/09,8/3/09,27,NA,27,0,0,0,0
861,2009,LPF-2631,100%,8/8/09,8/23/09,NA,89489,NA,2,0,0,0
862,2009,CZU-7246,100%,8/12/09,8/23/09,7817,NA,NA,13,1,0,0
863,2009,SHU-5969,100%,8/12/09,8/15/09,1300,NA,NA,0,0,0,0
864,2009,SCU-3410,100%,8/13/09,8/16/09,12200,NA,NA,2,0,0,0
865,2009,NEU-16856,100%,8/14/09,8/24/09,3891,NA,NA,0,0,0,0
866,2009,PNF-782,100%,8/16/09,8/21/09,NA,448,448,0,0,0,0
867,2009,KNF-5754,100%,8/21/09,9/4/09,NA,1364,NA,0,0,0,0
868,2009,ANF-3616,100%,8/25/09,9/3/09,NA,2168,NA,0,0,0,0
869,2009,BEU-2816,100%,8/26/09,8/29/09,3383,NA,NA,5,0,0,0
870,2009,ANF-3622,100%,8/26/09,10/16/09,NA,160577,NA,209,57,2,0
871,2009,MCP-2601,100%,8/26/09,8/29/09,NA,500,500,0,0,0,0
872,2009,YNP-3660,100%,8/26/09,9/10/09,NA,7425,NA,0,0,0,0
873,2009,BEU-2830,100%,8/27/09,9/1/09,6437,NA,NA,1,0,0,0
874,2009,LMU-4366,100%,8/27/09,8/30/09,853,NA,853,0,0,0,0
875,2009,BDF-11598,100%,8/27/09,8/31/09,NA,2409,NA,0,0,0,0
876,2009,SCU-3627,100%,8/29/09,8/30/09,1600,NA,NA,0,0,0,0
877,2009,BDU-9598,100%,8/30/09,9/8/09,1159,NA,NA,2,1,0,0
878,2009,NEU-18111,100%,8/30/09,9/1/09,311,NA,311,70,9,0,0
879,2009,BDU-9640,100%,8/31/09,9/4/09,NA,860,860,0,0,0,0
880,2009,LNU-6597,100%,9/7/09,9/12/09,1500,NA,NA,0,0,0,0
881,2009,RRU-82718,100%,9/19/09,9/20/09,398,NA,398,15,0,0,0
882,2009,PNF-961,100%,9/19/09,9/21/09,NA,307,307,0,0,0,0
883,2009,VNC-54871,100%,9/22/09,10/1/09,17500,NA,NA,0,0,0,0
884,2009,BDU-10682,100%,9/23/09,9/26/09,347,NA,347,0,0,0,0
885,2009,SQF-3728,100%,9/27/09,9/29/09,NA,326,326,0,0,0,0
886,2009,AFV-3254,100%,10/1/09,10/3/09,NA,617,617,0,0,0,0
887,2009,LNU-7321,100%,10/1/09,10/1/09,NA,1235,NA,0,0,0,0
888,2009,BDF-13278,100%,10/3/09,10/10/09,NA,7128,NA,5,0,0,0
889,2009,HIA-0221,100%,10/7/09,10/17/09,NA,2750,NA,0,0,0,0
890,2009,CZU-9867,100%,10/25/09,10/27/09,485,NA,485,3,0,0,0
891,2009,SLU-8148,100%,11/14/09,11/14/09,600,NA,600,0,0,0,0
892,2009,MNF-1745,100%,11/28/09,11/29/09,NA,550,550,3,0,0,0
893,2010,RRU-41963,100%,5/12/10,5/13/10,850,NA,850,0,0,0,0
894,2010,KRN-1013254,100%,5/15/10,5/15/10,360,NA,360,1,0,0,0
895,2010,CND-1112,100%,5/15/10,5/17/10,NA,2044,NA,0,0,0,0
896,2010,RRU-044545,100%,5/20/10,5/22/10,1000,NA,NA,0,0,0,0
897,2010,TUU-0000098,100%,6/4/10,6/4/10,485,NA,485,0,0,0,0
898,2010,MMU-007933,100%,6/5/10,6/5/10,462,NA,462,0,0,0,0
899,2010,FKU-0006047,100%,6/7/10,6/7/10,350,NA,350,0,0,0,0
900,2010,SCU-002282,100%,6/8/10,6/10/10,586,NA,586,0,0,0,0
901,2010,MMU-008291,100%,6/11/10,6/12/10,1600,NA,1600,0,0,0,0
902,2010,SCU-002461,100%,6/18/10,6/19/10,475,NA,475,1,0,0,0
903,2010,BTU-0007746,100%,7/4/10,7/5/10,900,NA,900,0,0,0,0
904,2010,SBC-006024,100%,7/12/10,7/12/10,350,NA,350,1,0,0,0
905,2010,MCP-2054,100%,7/13/10,7/15/10,NA,3225,NA,0,0,0,0
906,2010,RRU-062475,100%,7/15/10,7/18/10,503,NA,503,0,0,0,0
907,2010,RRU-062442,100%,7/15/10,7/18/10,720,NA,NA,1,0,0,0
908,2010,CND-2466,100%,7/15/10,7/18/10,NA,552,552,0,0,0,0
909,2010,KNP-0039,55%,7/16/10,NA,NA,8967,NA,0,0,0,0
910,2010,CDD-11051,100%,7/16/10,7/22/10,NA,1254,NA,0,0,0,0
911,2010,CDD-11175,100%,7/18/10,7/24/10,NA,1822,NA,0,0,0,0
912,2010,OVD-903,100%,7/24/10,7/27/10,NA,686,686,0,0,0,0
913,2010,YNP-2777,55%,7/25/10,NA,NA,1711,NA,0,0,0,0
914,2010,INF-934,100%,7/26/10,7/29/10,NA,1205,NA,0,0,0,0
915,2010,SQF--2701,100%,7/26/10,8/10/10,NA,16442,NA,14,0,0,0
916,2010,KRN-21461,100%,7/27/10,8/6/10,1650,NA,NA,50,13,0,0
917,2010,NOD-3688,100%,7/27/10,8/10/10,NA,9408,NA,0,0,0,0
918,2010,LAC-10169202,100%,7/29/10,8/3/10,14000,NA,NA,10,6,0,0
919,2010,LAC-10169229,100%,7/29/10,7/30/10,530,NA,530,0,0,0,0
920,2010,ANF-3201,100%,7/29/10,7/30/10,NA,510,510,0,0,0,0
921,2010,KNF-5561,100%,7/31/10,8/4/10,NA,371,371,0,0,0,0
922,2010,PNF-0700,100%,7/31/10,8/10/10,NA,1040,NA,0,0,0,0
923,2010,SNF-1497,50%,8/7/10,NA,NA,466,466,0,0,0,0
924,2010,YNP-3213,90%,8/8/10,NA,NA,909,909,0,0,0,0
925,2010,STF-2269,100%,8/9/10,10/15/10,NA,799,799,0,0,0,0
926,2010,TUU-0320,100%,8/17/10,8/18/10,879,NA,879,0,0,0,0
927,2010,NEU-0017796,100%,8/20/10,8/21/10,434,NA,434,0,0,0,0
928,2010,MVU-9309,100%,8/21/10,8/23/10,929,NA,929,0,0,0,0
929,2010,SLU-6481,100%,8/21/10,8/22/10,1200,NA,NA,0,0,0,0
930,2010,SCU-3525,100%,8/24/10,8/31/10,375,NA,375,0,0,0,0
931,2010,LNU-6365,100%,8/24/10,8/26/10,450,NA,450,0,0,0,0
932,2010,KRN-24500,100%,8/25/10,8/28/10,1312,NA,NA,0,0,0,0
933,2010,NEU-18316,100%,8/27/10,9/13/10,1500,NA,NA,0,0,0,0
934,2010,TNF-1579,100%,8/27/10,8/31/10,NA,1307,NA,0,0,0,0
935,2010,MVU-9767,100%,9/2/10,9/7/10,827,NA,827,0,0,0,0
936,2010,STF-35641,100%,9/12/10,9/19/10,NA,9820,NA,1,0,0,0
937,2011,BDU-002312,100%,3/9/11,3/9/11,395,NA,395,0,0,0,0
938,2011,BDU-002915,100%,3/18/11,3/20/11,850,NA,850,19,0,0,0
939,2011,BEU-001593,100%,5/12/11,5/14/11,832,NA,832,0,0,0,0
940,2011,SQF-001234,100%,5/27/11,5/31/11,NA,1122,NA,0,0,0,0
941,2011,BEU-0001778,100%,5/29/11,5/29/11,382,NA,382,0,0,0,0
942,2011,MDF-0000181,100%,6/8/11,6/13/11,NA,2000,NA,0,0,0,0
943,2011,KRN-1117159,100%,6/12/11,6/12/11,NA,640,640,0,0,0,0
944,2011,KRN-017988,100%,6/19/11,6/21/11,NA,5200,NA,2,0,0,0
945,2011,KRN-1118260,100%,6/21/11,6/22/11,NA,3154,NA,0,0,0,0
946,2011,SLU-4752 (1),100%,6/24/11,6/24/11,387,NA,387,0,0,0,0
947,2011,TCU-5166,100%,6/24/11,6/24/11,330,NA,330,0,0,0,0
948,2011,MMU- 9446,100%,6/26/11,6/26/11,575,NA,575,0,0,0,0
949,2011,TUU-000134,100%,6/27/11,7/2/11,1213,NA,NA,0,0,0,0
950,2011,HUU-003190,100%,7/1/11,7/5/11,498,NA,498,0,0,0,0
951,2011,SCU-002637,100%,7/5/11,7/5/11,400,NA,400,0,0,0,0
952,2011,ORC-045067,100%,7/7/11,7/8/11,NA,508,508,0,0,0,0
953,2011,SQF-002087,100%,7/8/11,10/10/11,NA,20500,NA,0,0,0,0
954,2011,NEU-0015232,100%,7/9/11,7/11/11,360,NA,360,0,0,0,0
955,2011,TUU-0000188,100%,7/9/11,7/12/11,780,NA,780,7,0,0,0
956,2011,SCU-0002779,100%,7/14/11,7/14/11,500,NA,500,0,0,0,0
957,2011,MDF-00324,100%,7/15/11,7/18/11,NA,2945,NA,0,0,0,0
958,2011,MVU-8019,100%,7/21/11,7/29/11,14100,NA,NA,0,0,0,0
959,2011,SCU-2885,100%,7/21/11,7/22/11,545,NA,545,0,0,0,0
960,2011,MMU-0011070,100%,7/23/11,7/23/11,489,NA,489,0,0,0,0
961,2011,MMU-11070,100%,7/23/11,7/23/11,489,NA,489,0,0,0,0
962,2011,YNP-2558,100%,7/31/11,10/1/11,NA,817,817,0,0,0,0
963,2011,MEU-5340,100%,8/3/11,8/7/11,616,NA,616,0,0,0,0
964,2011,RRU-71943,100%,8/6/11,8/7/11,945,NA,945,0,0,0,0
965,2011,LNU-6369,100%,8/13/11,8/15/11,506,NA,506,0,0,0,0
966,2011,NOD-3546,100%,8/18/11,8/21/11,NA,2076,NA,0,0,0,0
967,2011,KNF-6061,100%,8/19/11,9/10/11,NA,562,562,0,0,0,0
968,2011,BDF-012349,100%,8/22/11,8/24/11,NA,373,373,1,0,0,0
969,2011,SNF-2117,100%,8/25/11,9/4/11,NA,5231,NA,0,0,0,0
970,2011,LNU-6823,100%,8/27/11,8/27/11,715,NA,715,0,0,0,0
971,2011,LAC-194624,100%,8/27/11,8/30/11,NA,355,355,0,0,0,0
972,2011,CDD-12657,100%,8/28/11,8/31/11,NA,1723,NA,0,0,0,0
973,2011,RRU-79634,100%,8/29/11,8/31/11,450,NA,458,0,0,0,0
974,2011,BDU-9968,100%,9/2/11,9/8/11,1135,NA,NA,3,2,0,0
975,2011,SLU-007086,100%,9/3/11,9/4/11,1528,NA,NA,1,0,0,0
976,2011,LPF-002238,100%,9/3/11,9/5/11,NA,698,698,0,0,0,0
977,2011,TUU-00345,100%,9/4/11,9/5/11,335,NA,335,0,0,0,0
978,2011,KRN-027244,100%,9/4/11,9/11/11,NA,14585,NA,100,0,0,0
979,2011,SQF-3282,100%,9/4/11,9/7/11,NA,310,310,0,0,0,0
980,2011,LAC-11215258,100%,9/5/11,9/6/11,NA,500,500,0,0,0,0
981,2011,TCU-7982,100%,9/9/11,9/11/11,1122,NA,NA,0,0,0,0
982,2011,KRN-27912,100%,9/10/11,9/14/11,NA,2577,NA,0,0,0,0
983,2011,KRN-27933,100%,9/10/11,9/17/11,NA,29338,NA,0,0,0,0
984,2011,KRN-27969,100%,9/10/11,9/17/11,NA,25213,NA,0,0,0,0
985,2011,TUU-368,100%,9/11/11,9/12/11,380,NA,380,0,0,0,0
986,2011,BDU-10475,100%,9/13/11,9/16/11,5300,NA,NA,0,0,0,0
987,2011,ENF-021563,100%,9/13/11,10/1/11,NA,483,483,0,0,0,0
988,2011,YNP-3619,100%,9/13/11,10/17/11,NA,1011,NA,0,0,0,0
989,2011,STF-3013,100%,9/15/11,9/15/11,NA,508,508,0,0,0,0
990,2011,ANF-04969,100%,9/17/11,9/18/11,NA,634,634,0,0,0,0
991,2011,TUU-0000393,100%,9/23/11,9/25/11,350,NA,350,0,0,0,0
992,2011,KRN-1129618,100%,9/23/11,9/24/11,NA,410,410,0,0,0,0
993,2011,KRN-1129619,100%,9/23/11,9/23/11,NA,2005,NA,0,0,0,0
994,2011,SRF-001848,100%,9/23/11,9/28/11,NA,1460,NA,31,0,0,0
995,2011,BDF-013860,100%,9/25/11,9/26/11,NA,541,541,0,0,0,0
996,2011,NV-HTF-994,100%,9/25/11,9/27/11,NA,1140,NA,0,0,0,0
997,2011,MVU-11019,100%,10/1/11,10/7/11,2135,NA,NA,0,0,0,0
998,2011,TCU-10455,100%,12/1/11,12/6/11,735,NA,735,0,0,0,0
999,2011,ENF-38070,95%,12/1/11,NA,NA,541,541,0,0,0,0
1000,2012,MMU-7830,100%,5/18/12,5/22/12,NA,NA,320,NA,NA,0,0
1001,2012,MVU-005400,100%,5/24/12,5/29/12,NA,NA,NA,NA,NA,0,0
1002,2012,MMU-008599,100%,5/31/12,5/31/12,NA,NA,434,NA,NA,0,0
1003,2012,SQF-1384,100%,6/1/12,6/15/12,NA,NA,NA,NA,NA,0,0
1004,2012,LAC-134232,100%,6/8/12,6/9/12,NA,NA,525,NA,NA,0,0
1005,2012,MMU-009308,100%,6/12/12,6/14/12,NA,NA,NA,NA,NA,0,0
1006,2012,FKU-7091,100%,6/12/12,6/13/12,NA,NA,418,NA,NA,0,0
1007,2012,RRU-059216,100%,6/16/12,6/18/12,NA,NA,NA,NA,NA,0,0
1008,2012,LPE-1439,100%,6/16/12,6/17/12,NA,NA,361,NA,NA,0,0
1009,2012,YNP-1473,100%,6/16/12,11/26/12,NA,NA,NA,NA,NA,0,0
1010,2012,RRU-059775,100%,6/17/12,6/18/12,NA,NA,375,NA,NA,0,0
1011,2012,MVU-6329,100%,6/17/12,6/20/12,NA,NA,995,2,NA,0,0
1012,2012,SQF-001644,100%,6/19/12,6/21/12,NA,NA,385,1,NA,0,0
1013,2012,LPF-1505,100%,6/23/12,6/27/12,NA,NA,689,NA,NA,0,0
1014,2012,SHU-005135,100%,7/5/12,7/7/12,NA,NA,NA,2,5,0,0
1015,2012,BDU-7678,100%,7/7/12,7/9/12,NA,NA,NA,NA,NA,0,0
1016,2012,MNF-1109,100%,7/7/12,7/18/12,NA,NA,NA,5,NA,0,0
1017,2012,LNU-5038,100%,7/8/12,7/9/12,NA,NA,365,NA,NA,0,0
1018,2012,LNU-5039,100%,7/8/12,7/12/12,NA,NA,NA,NA,NA,0,0
1019,2012,LNU-5056,100%,7/9/12,7/12/12,NA,NA,NA,NA,NA,0,0
1020,2012,BEU-3109,100%,7/9/12,7/10/12,NA,NA,NA,NA,NA,0,0
1021,2012,TCU-6227,100%,7/10/12,7/11/12,NA,NA,840,1,NA,0,0
1022,2012,NEU-15060,100%,7/11/12,7/21/12,NA,NA,NA,8,NA,0,0
1023,2012,SHF-2290,100%,7/11/12,7/17/12,NA,NA,NA,NA,NA,0,0
1024,2012,KNP-0072,100%,7/15/12,7/21/12,NA,NA,325,NA,NA,0,0
1025,2012,SLU-5716,100%,7/16/12,7/18/12,NA,NA,640,NA,NA,0,0
1026,2012,KRN-22306,100%,7/17/12,7/19/12,NA,NA,NA,1,NA,0,0
1027,2012,NOD-3016,100%,7/18/12,7/21/12,NA,NA,NA,NA,NA,0,0
1028,2012,LNU-5495,100%,7/21/12,7/24/12,NA,NA,520,NA,NA,0,0
1029,2012,LNP-3115,100%,7/23/12,8/21/12,NA,NA,NA,NA,NA,0,0
1030,2012,TGU-5964,100%,7/25/12,7/25/12,NA,NA,300,NA,NA,0,0
1031,2012,KRN-23612,100%,7/28/12,7/29/12,NA,NA,370,NA,NA,0,0
1032,2012,MEU-5115,100%,7/28/12,7/30/12,NA,NA,383,NA,NA,0,0
1033,2012,PNF--00998,100%,7/29/12,8/2/12,NA,NA,800,NA,NA,0,0
1034,2012,PNF -1001,100%,7/29/12,8/31/12,NA,NA,NA,9,NA,0,0
1035,2012,RRU-7075254,100%,8/1/12,8/5/12,NA,NA,356,1,NA,0,0
1036,2012,SHF-2521,100%,8/1/12,8/4/12,NA,NA,980,1,NA,0,0
1037,2012,KNF-5426,100%,8/3/12,8/7/12,NA,NA,318,NA,NA,0,0
1038,2012,RRU-76402,100%,8/4/12,8/4/12,NA,NA,NA,NA,NA,0,0
1039,2012,SQF-2476,100%,8/4/12,8/11/12,NA,NA,NA,NA,NA,0,0
1040,2012,MDF-0429,100%,8/5/12,8/9/12,NA,NA,NA,NA,NA,0,0
1041,2012,SNF-1940,100%,8/5/12,8/12/12,NA,NA,835,NA,NA,0,0
1042,2012,KNF-5659,100%,8/5/12,9/10/12,NA,NA,NA,NA,NA,0,0
1043,2012,FWF-120680,100%,8/6/12,8/28/12,NA,NA,NA,3,NA,0,0
1044,2012,OVD-942,100%,8/8/12,8/15/12,NA,NA,NA,NA,NA,0,0
1045,2012,MVU-8547,100%,8/9/12,8/12/12,NA,NA,NA,NA,NA,0,0
1046,2012,CDD-11542,100%,8/10/12,8/22/12,NA,NA,NA,19,9,0,0
1047,2012,DVP-11569,100%,8/10/12,10/16/12,NA,NA,453,NA,NA,0,0
1048,2012,STF-2954,100%,8/11/12,8/31/12,NA,NA,NA,NA,NA,0,0
1049,2012,LNU-6335,100%,8/12/12,8/18/12,NA,NA,NA,3,2,0,0
1050,2012,LNU-6334,100%,8/12/12,8/14/12,NA,NA,NA,NA,NA,0,0
1051,2012,NOD-3490,100%,8/12/12,8/31/12,NA,NA,NA,NA,1,0,0
1052,2012,MVU-8747,100%,8/13/12,8/20/12,NA,NA,NA,NA,NA,0,0
1053,2012,BTU-8116,100%,8/13/12,8/23/12,NA,NA,NA,NA,NA,0,0
1054,2012,RRU-080142,100%,8/14/12,8/18/12,NA,NA,NA,4,NA,0,0
1055,2012,NOD-3596,100%,8/17/12,8/21/12,NA,NA,NA,NA,NA,0,0
1056,2012,TGU-6696,100%,8/18/12,9/2/12,NA,NA,NA,133,6,0,0
1057,2012,SHF-2735,100%,8/18/12,8/22/12,NA,NA,NA,NA,NA,0,0
1058,2012,SHF-2744,100%,8/18/12,9/15/12,NA,NA,NA,NA,NA,0,0
1059,2012,MNF-1446,100%,8/18/12,9/16/12,NA,NA,NA,26,4,0,0
1060,2012,RRU-82309,100%,8/20/12,8/21/12,NA,NA,500,NA,NA,0,0
1061,2012,MDF-521,100%,8/21/12,8/25/12,NA,NA,650,NA,NA,0,0
1062,2012,ANF-4803,100%,9/2/12,9/11/12,NA,NA,NA,NA,NA,0,0
1063,2012,LNU-7072,100%,9/4/12,9/11/12,NA,NA,NA,NA,NA,0,0
1064,2012,SHF-2894,100%,9/5/12,9/13/12,NA,NA,NA,NA,NA,0,0
1065,2012,NOD-3916,100%,9/5/12,9/14/12,NA,NA,NA,NA,NA,0,0
1066,2012,MEU-6376,100%,9/7/12,9/14/12,NA,NA,NA,NA,NA,0,0
1067,2012,SHF-2922,100%,9/11/12,9/14/12,NA,NA,550,NA,NA,0,0
1068,2012,MVU-010383,100%,9/23/12,9/27/12,NA,NA,NA,39,2,0,0
1069,2012,RRU-96791,100%,9/29/12,10/1/12,NA,NA,351,3,NA,0,0
1070,2012,LNU-008431,100%,10/18/12,10/21/12,NA,NA,300,8,NA,0,0
1071,2012,BDF-16430,100%,11/5/12,11/6/12,NA,NA,335,1,NA,0,0
1072,2013,LNU-477,NA,1/22/13,1/23/13,335,NA,335,NA,NA,NA,NA
1073,2013,BDU-2372,NA,2/24/13,2/28/13,407,NA,407,NA,NA,NA,NA
1074,2013,RRU-22083,NA,2/28/13,3/2/13,300,NA,300,NA,2,NA,NA
1075,2013,BTU-5648,NA,5/1/13,5/9/13,4014,2882,NA,NA,NA,NA,NA
1076,2013,RRU-44298,NA,5/1/13,5/4/13,2956,NA,NA,2,NA,NA,NA
1077,2013,VNC-12193,NA,5/2/13,5/9/13,24251,NA,NA,10,12,NA,NA
1078,2013,BEU-2109,NA,5/3/13,5/4/13,354,NA,354,NA,NA,NA,NA
1079,2013,MEU-3381,NA,5/3/13,5/5/13,300,NA,300,NA,NA,NA,NA
1080,2013,RRU-45459,NA,5/4/13,5/4/13,650,NA,650,NA,NA,NA,NA
1081,2013,LPF-1281,NA,5/15/13,5/22/13,4346,NA,NA,NA,NA,NA,NA
1082,2013,LAC-118144,NA,5/17/13,5/20/13,712,NA,712,NA,NA,NA,NA
1083,2013,MVU-10345,NA,5/23/13,5/29/13,2650,NA,NA,NA,NA,NA,NA
1084,2013,MMU-8520,NA,5/26/13,5/27/13,450,NA,450,NA,NA,NA,NA
1085,2013,MVU-11025,NA,5/26/13,5/31/13,2500,NA,NA,NA,NA,NA,NA
1086,2013,LPF-1473,NA,5/27/13,6/5/13,1984,NA,NA,NA,1,NA,NA
1087,2013,TCU-4607,NA,5/30/13,5/30/13,303,NA,303,NA,NA,NA,NA
1088,2013,ANF-2297,NA,5/30/13,6/10/13,30274,NA,NA,58,4,NA,NA
1089,2013,LPF-1535,NA,6/1/13,6/4/13,486,NA,486,NA,NA,NA,NA
1090,2013,BDF-8526,NA,6/9/13,10/15/13,3870,NA,NA,1,NA,NA,NA
1091,2013,MMU-9861,NA,6/16/13,6/18/13,480,NA,480,1,NA,NA,NA
1092,2013,SNF-1216,NA,6/16/13,6/26/13,1708,NA,NA,NA,NA,NA,NA
1093,2013,BDU-7912,NA,6/28/13,7/2/13,534,NA,534,NA,3,NA,NA
1094,2013,SCU-3899,NA,7/1/13,7/2/13,492,NA,492,2,NA,NA,NA
1095,2013,LMU-2700,NA,7/3/13,7/7/13,502,NA,502,NA,NA,NA,NA
1096,2013,MVU-14084,NA,7/6/13,7/15/13,7055,NA,NA,149,9,NA,NA
1097,2013,ENF-16230,NA,7/8/13,7/11/13,572,NA,572,2,NA,NA,NA
1098,2013,RRU-71832,NA,7/15/13,7/31/13,531,2,NA,23,1,NA,NA
1099,2013,KRN-1323633,NA,7/19/13,7/22/13,500,NA,500,NA,NA,NA,NA
1100,2013,SNF-1732,NA,7/22/13,9/8/13,22992,NA,NA,NA,NA,NA,NA
1101,2013,KRN-1324091,NA,7/23/13,7/25/13,612,NA,612,NA,NA,NA,NA
1102,2013,SRF-1373,NA,7/29/13,8/2/13,577,NA,577,3,NA,NA,NA
1103,2013,KNF-5949,NA,7/31/13,10/1/13,37246,NA,NA,NA,NA,NA,NA
1104,2013,CNF-2512,NA,8/5/13,8/9/13,1383,NA,NA,NA,2,NA,NA
1105,2013,STF-2613,NA,8/5/13,8/13/13,1070,NA,NA,NA,NA,NA,NA
1106,2013,RRU-79781,NA,8/7/13,8/15/13,16312,3980,NA,48,8,NA,NA
1107,2013,SRF-1486,NA,8/10/13,10/2/13,12503,NA,NA,NA,NA,NA,NA
1108,2013,TNF-1562,NA,8/11/13,8/29/13,5033,22407,NA,5,2,NA,NA
1109,2013,BTU-10969,NA,8/16/13,8/22/13,2264,NA,NA,8,NA,NA,NA
1110,2013,STF-2857,NA,8/17/13,10/27/13,257314,NA,NA,112,7,NA,NA
1111,2013,SQF-3229,NA,8/18/13,8/22/13,794,NA,794,NA,NA,NA,NA
1112,2013,PNF-1324,NA,8/18/13,8/24/13,513,NA,513,NA,NA,NA,NA
1113,2013,BDF-11417,NA,8/20/13,8/30/13,413,NA,413,NA,NA,NA,NA
1114,2013,FHL-2679,NA,8/22/13,8/25/13,4500,NA,NA,NA,NA,NA,NA
1115,2013,TGU-6768,NA,8/23/13,8/29/13,11429,NA,NA,NA,NA,NA,NA
1116,2013,SQF-3295,NA,8/23/13,9/5/13,2060,NA,NA,NA,NA,NA,NA
1117,2013,KNP-113,NA,8/23/13,10/20/13,681,NA,681,NA,NA,NA,NA
1118,2013,SCU-5452,NA,9/8/13,9/14/13,3100,NA,NA,NA,NA,NA,NA
1119,2013,SHU-8265,NA,9/9/13,9/15/13,8073,NA,NA,196,15,NA,1
1120,2013,LNU-8566,NA,10/3/13,10/4/13,376,NA,376,NA,NA,NA,NA
1121,2013,BTU-13464,NA,10/4/13,10/5/13,305,NA,305,54,6,NA,NA
1122,2013,MCP-3197,NA,10/5/13,10/9/13,2236,NA,NA,NA,1,NA,NA
1123,2013,LNU-10188,NA,11/22/13,11/28/13,3505,NA,NA,1,NA,NA,NA
1124,2013,MNF-1729,NA,11/23/13,11/29/13,305,NA,305,NA,NA,NA,NA
1125,2013,LPF-3810,NA,12/16/13,12/20/13,917,NA,917,38,NA,NA,NA
1126,2014,LNF-27,NA,1/2/14,1/10/14,NA,865,865,NA,NA,NA,NA
1127,2014,HUU-81,NA,1/4/14,1/12/14,333,NA,333,NA,NA,NA,NA
1128,2014,SQF-120,NA,1/14/14,4/19/14,NA,1612,NA,NA,NA,NA,NA
1129,2014,ANF-231,NA,1/16/14,1/24/14,NA,1952,NA,15,8,NA,NA
1130,2014,RRU-27677,NA,3/15/14,3/16/14,NA,350,350,NA,NA,NA,NA
1131,2014,BDF-6646,NA,4/30/14,5/1/14,1,1188,NA,NA,NA,NA,NA
1132,2014,MVU-10055,NA,5/13/14,5/21/14,NA,1548,NA,NA,NA,NA,NA
1133,2014,SBC-5573,NA,5/13/14,5/16/14,NA,632,632,NA,NA,NA,NA
1134,2014,MVU-10242,NA,5/14/14,5/22/14,1238,1200,NA,48,5,NA,NA
1135,2014,CBD-3777,NA,5/14/14,5/17/14,NA,600,600,28,NA,NA,NA
1136,2014,MCP-1363,NA,5/17/14,5/19/14,NA,21240,NA,NA,1,NA,NA
1137,2014,MMU-8974,NA,5/26/14,6/4/14,677,NA,677,3,NA,NA,NA
1138,2014,TCU-4987,NA,6/4/14,6/9/14,402,NA,402,NA,NA,NA,NA
1139,2014,SQF-1850,NA,6/13/14,6/21/14,NA,2545,NA,4,NA,NA,NA
1140,2014,MMU-10597,NA,6/19/14,6/19/14,400,NA,400,NA,NA,NA,NA
1141,2014,FHL-1693,NA,6/19/14,6/22/14,NA,4840,NA,NA,NA,NA,NA
1142,2014,FHL-1818,NA,6/30/14,6/30/14,NA,500,500,NA,NA,NA,NA
1143,2014,LNU-5333,NA,7/1/14,7/10/14,4300,NA,NA,9,NA,NA,NA
1144,2014,MDF-344,NA,7/1/14,7/7/14,NA,2566,NA,NA,NA,NA,NA
1145,2014,LNU-5465,NA,7/4/14,7/13/14,6488,NA,NA,NA,NA,NA,NA
1146,2014,SHU-6248,NA,7/11/14,7/23/14,7796,4865,NA,18,1,NA,1
1147,2014,SQF-2381,NA,7/11/14,7/19/14,NA,1680,NA,NA,NA,NA,NA
1148,2014,YNP-57,NA,7/16/14,8/20/14,NA,1077,NA,NA,NA,NA,NA
1149,2014,MMU-12965,NA,7/24/14,8/2/14,422,NA,422,NA,NA,NA,NA
1150,2014,AEU-18237,NA,7/25/14,8/3/14,4240,NA,NA,47,NA,NA,NA
1151,2014,MMU-13131,NA,7/26/14,7/26/14,1000,NA,NA,NA,NA,NA,NA
1152,2014,YNP-83,NA,7/26/14,8/4/14,NA,4689,NA,2,2,NA,NA
1153,2014,SNF-1619,NA,7/28/14,8/18/14,NA,13838,NA,NA,NA,NA,NA
1154,2014,BTU-10700,NA,7/29/14,8/27/14,378,NA,378,NA,NA,NA,NA
1155,2014,LMU-3472,NA,7/30/14,8/13/14,13153,NA,NA,10,NA,NA,NA
1156,2014,MEU-7202,NA,7/30/14,9/21/14,3650,8885,NA,NA,NA,NA,NA
1157,2014,LNF-3479,NA,7/30/14,8/16/14,NA,39736,NA,NA,NA,NA,NA
1158,2014,SHF-2423,NA,7/30/14,8/31/14,NA,6258,NA,NA,NA,NA,NA
1159,2014,KNF-5497,NA,7/30/14,8/30/14,NA,32496,NA,6,NA,NA,NA
1160,2014,KNF-5575,NA,7/31/14,8/11/14,NA,5503,NA,1,NA,NA,NA
1161,2014,LNF-3502,NA,7/31/14,8/24/14,NA,32416,NA,21,NA,NA,NA
1162,2014,KNF-5564,NA,8/3/14,9/25/14,NA,50042,NA,2,NA,NA,NA
1163,2014,LNU-6737,NA,8/9/14,8/9/14,370,NA,370,NA,NA,NA,NA
1164,2014,KNF-5956,NA,8/14/14,10/31/14,NA,134056,NA,6,2,NA,NA
1165,2014,YNP-101,NA,8/15/14,9/29/14,NA,4772,NA,NA,NA,NA,NA
1166,2014,MMU-14633,NA,8/18/14,8/25/14,612,NA,612,47,6,NA,NA
1167,2014,CND-3148,NA,8/18/14,8/28/14,NA,4045,NA,12,4,NA,NA
1168,2014,SHU-7763,NA,8/24/14,8/30/14,461,NA,461,1,NA,NA,NA
1169,2014,SHU-8322,NA,9/10/14,9/15/14,1300,NA,NA,4,NA,NA,NA
1170,2014,CNF-2873,NA,9/12/14,9/20/14,NA,985,985,NA,NA,NA,NA
1171,2014,MEU-8882,NA,9/13/14,9/17/14,403,NA,403,11,NA,NA,NA
1172,2014,ENF-23461,NA,9/13/14,10/9/14,2,94894,NA,80,1,NA,NA
1173,2014,MMU-16429,NA,9/14/14,9/22/14,320,NA,320,49,7,NA,NA
1174,2014,SWR-1266,NA,9/17/14,9/19/14,NA,395,395,NA,NA,NA,NA
1175,2014,BTU-13428,NA,9/18/14,9/21/14,500,NA,500,NA,NA,NA,NA
1176,2014,YNP-124,NA,10/7/14,10/12/14,NA,311,311,NA,NA,1,NA
1177,2014,NEU-23454,NA,10/8/14,10/22/14,459,NA,459,10,NA,NA,NA
1178,2015,BDU-1662,NA,2/6/15,2/13/15,NA,NA,NA,43,5,NA,NA
1179,2015,OVD-107,NA,2/6/15,2/10/15,NA,NA,509,NA,NA,NA,NA
1180,2015,RRU-44605,NA,4/18/15,4/24/15,NA,NA,NA,NA,NA,NA,NA
1181,2015,MCP-1207,NA,4/28/15,4/29/15,NA,NA,NA,NA,NA,NA,NA
1182,2015,MCP-1210,NA,4/28/15,4/29/15,NA,NA,800,NA,NA,NA,NA
1183,2015,MCP-1212,NA,4/29/15,5/5/15,NA,NA,NA,NA,NA,NA,NA
1184,2015,MMU-8812,NA,5/11/15,5/12/15,NA,NA,692,NA,NA,NA,NA
1185,2015,SHF-1371,NA,6/9/15,6/25/15,NA,NA,NA,NA,NA,NA,NA
1186,2015,FHL-001570,NA,6/11/15,6/11/15,NA,NA,NA,NA,NA,NA,NA
1187,2015,BDF-7894,NA,6/17/15,7/5/15,NA,NA,NA,4,NA,NA,NA
1188,2015,MMU-11662,NA,6/18/15,6/24/15,NA,NA,920,2,NA,NA,NA
1189,2015,SNF-1058,NA,6/18/15,6/26/15,NA,NA,500,NA,NA,NA,NA
1190,2015,SLU-6113,NA,6/20/15,6/20/15,NA,NA,NA,18,3,NA,NA
1191,2015,LAC-173220,NA,6/24/15,6/26/15,NA,NA,415,NA,1,NA,NA
1192,2015,AEU-17193,NA,7/2/15,7/5/15,NA,NA,357,NA,NA,NA,NA
1193,2015,SKU-5078,NA,7/4/15,7/6/15,NA,NA,395,NA,NA,NA,NA
1194,2015,BDF-9001,NA,7/17/15,7/21/15,NA,NA,NA,23,5,NA,NA
1195,2015,MMU-13970,NA,7/18/15,7/22/15,NA,NA,NA,NA,NA,NA,NA
1196,2015,SQF-2313,NA,7/19/15,9/5/15,NA,NA,NA,NA,NA,NA,NA
1197,2015,TUU-383,NA,7/21/15,7/21/15,NA,NA,430,NA,NA,NA,NA
1198,2015,LNU-6678,NA,7/22/15,8/6/15,NA,NA,NA,2,5,NA,NA
1199,2015,NEU-17851,NA,7/25/15,8/12/15,NA,NA,NA,3,1,NA,NA
1200,2015,SNF-1689,NA,7/25/15,8/15/15,NA,NA,NA,NA,NA,NA,NA
1201,2015,BTU-10917,NA,7/29/15,8/16/15,NA,NA,400,16,NA,NA,NA
1202,2015,LNU-6984,NA,7/29/15,8/14/15,NA,NA,NA,96,8,NA,NA
1203,2015,HUU-5606,NA,7/30/15,8/21/15,NA,NA,NA,7,NA,NA,NA
1204,2015,MDF-570,NA,7/30/15,8/6/15,NA,NA,NA,NA,NA,1,NA
1205,2015,SHF-2066,NA,7/30/15,10/15/15,NA,NA,NA,NA,NA,NA,NA
1206,2015,SRF-1476,NA,7/30/15,8/31/15,NA,NA,NA,2,NA,NA,NA
1207,2015,SHF-2067,NA,7/30/15,8/29/15,NA,NA,NA,12,NA,NA,NA
1208,2015,SRF-1433,NA,7/30/15,9/3/15,NA,NA,NA,4,NA,NA,NA
1209,2015,MMU-14907,NA,7/31/15,7/31/15,NA,NA,NA,NA,NA,NA,NA
1210,2015,SNF-1746,NA,7/31/15,12/1/15,NA,NA,NA,4,NA,NA,NA
1211,2015,SRF-1488,NA,7/31/15,10/15/15,NA,NA,NA,NA,NA,NA,NA
1212,2015,SHF-2108,NA,8/1/15,10/1/15,NA,NA,NA,3,NA,NA,NA
1213,2015,SRF-1470,NA,8/1/15,9/30/15,NA,NA,NA,NA,NA,NA,NA
1214,2015,NOD-3806,NA,8/3/15,8/17/15,NA,NA,NA,NA,NA,NA,NA
1215,2015,LNU-7410,NA,8/9/15,8/25/15,NA,NA,NA,27,NA,NA,NA
1216,2015,RRU-90069,NA,8/10/15,8/15/15,NA,NA,500,NA,NA,NA,NA
1217,2015,MCP-2459,NA,8/13/15,8/17/15,NA,NA,NA,NA,NA,NA,NA
1218,2015,ANF-3611,NA,8/14/15,8/20/15,NA,NA,NA,3,NA,NA,NA
1219,2015,INF-1319,NA,8/14/15,8/31/15,NA,NA,NA,NA,NA,NA,NA
1220,2015,SLU-8555,NA,8/16/15,9/3/15,NA,NA,NA,1,NA,NA,NA
1221,2015,ANF-3651,NA,8/16/15,8/19/15,NA,NA,300,3,3,NA,NA
1222,2015,KRN-30112,NA,8/18/15,8/20/15,NA,NA,311,NA,NA,NA,NA
1223,2015,SCU-5524,NA,8/19/15,8/25/15,NA,NA,NA,1,NA,NA,NA
1224,2015,LNU-8268,NA,9/2/15,9/6/15,NA,NA,700,NA,NA,NA,NA
1225,2015,YNP-123,NA,9/7/15,9/16/15,NA,NA,415,NA,NA,NA,NA
1226,2015,AEU-24918,NA,9/9/15,10/23/15,NA,NA,NA,965,NA,NA,2
1227,2015,BTU-13363,NA,9/11/15,9/21/15,NA,NA,NA,NA,NA,NA,NA
1228,2015,LNU-8670,NA,9/12/15,10/15/15,NA,NA,NA,NA,93,NA,4
1229,2015,BEU-4217,NA,9/19/15,9/29/15,NA,NA,NA,20,1,NA,NA
1230,2015,BTU-14554,NA,10/3/15,10/4/15,NA,NA,860,NA,NA,NA,NA
1231,2015,BEU-4582,NA,10/12/15,10/16/15,NA,NA,690,NA,NA,NA,NA
1232,2015,VNC-89187,NA,12/25/15,12/28/15,NA,NA,NA,NA,NA,NA,NA
1233,2016,SLU-5280,NA,5/18/16,5/20/16,NA,3712,NA,NA,NA,NA,NA
1234,2016,BEU-2369,NA,5/22/16,5/25/16,3876,NA,NA,NA,NA,NA,NA
1235,2016,CND-1134,NA,6/1/16,6/7/16,NA,1324,NA,NA,NA,NA,NA
1236,2016,FHL-1475,NA,6/2/16,6/17/16,NA,3000,NA,NA,NA,NA,NA
1237,2016,CND-1171,NA,6/4/16,6/6/16,NA,2003,NA,NA,NA,NA,NA
1238,2016,LAC-457,NA,6/4/16,6/10/16,NA,465,465,9,1,NA,NA
1239,2016,LPF-1504,NA,6/4/16,6/17/16,NA,2520,NA,1,NA,NA,NA
1240,2016,KNF-4500,NA,6/7/16,10/2/16,NA,2860,NA,NA,NA,NA,NA
1241,2016,SBC-7344,NA,6/15/16,6/23/16,2990,4484,NA,5,NA,NA,NA
1242,2016,MVU-14498,NA,6/19/16,7/1/16,4185,3424,NA,16,3,NA,2
1243,2016,ANF-2417,NA,6/20/16,7/5/16,NA,1146,NA,NA,NA,NA,1
1244,2016,LAC-177288,NA,6/20/16,7/5/16,NA,4253,NA,NA,NA,NA,NA
1245,2016,CND-1415,NA,6/23/16,7/9/16,NA,48019,NA,286,12,NA,2
1246,2016,INF-992,NA,6/24/16,7/4/16,NA,654,654,1,NA,NA,NA
1247,2016,MMU-12363,NA,6/25/16,6/26/16,1246,NA,NA,NA,NA,NA,NA
1248,2016,YNP-41,NA,6/26/16,10/31/16,NA,1001,NA,NA,NA,NA,NA
1249,2016,AEU-17670,NA,6/28/16,6/30/16,372,NA,372,NA,NA,NA,NA
1250,2016,NEU-15200,NA,6/28/16,8/14/16,2016,3629,NA,NA,NA,NA,NA
1251,2016,TGU-5731,NA,6/30/16,7/6/16,464,NA,464,NA,NA,NA,NA
1252,2016,LPF-1986,NA,6/30/16,7/17/16,NA,2304,NA,NA,NA,NA,NA
1253,2016,FKU-9100,NA,7/1/16,7/4/16,2944,NA,NA,NA,NA,NA,NA
1254,2016,KRN-24109,NA,7/1/16,7/10/16,1785,NA,NA,NA,NA,NA,NA
1255,2016,TCU-6914,NA,7/2/16,7/15/16,310,NA,310,1,NA,NA,NA
1256,2016,SHU-6739,NA,7/8/16,7/9/16,303,NA,303,1,1,NA,NA
1257,2016,KRN-25390,NA,7/8/16,7/9/16,554,NA,554,NA,NA,NA,NA
1258,2016,LAC-198015,NA,7/9/16,7/16/16,990,110,NA,NA,2,NA,NA
1259,2016,TCU-7341,NA,7/12/16,7/18/16,341,NA,341,2,NA,NA,NA
1260,2016,MCP-2125,NA,7/21/16,7/27/16,NA,1245,NA,NA,NA,NA,NA
1261,2016,BEU-3422,NA,7/22/16,8/28/16,37194,66048,NA,68,5,1,NA
1262,2016,ANF-3008,NA,7/22/16,8/6/16,2188,39195,NA,116,20,NA,1
1263,2016,FKU-10852,NA,7/30/16,8/9/16,2241,NA,NA,9,1,NA,NA
1264,2016,BTU-11608,NA,8/2/16,8/8/16,520,NA,520,NA,NA,NA,NA
1265,2016,LNU-7135,NA,8/2/16,8/12/16,5731,NA,NA,2,NA,NA,NA
1266,2016,INF-1415,NA,8/4/16,8/12/16,NA,2819,NA,NA,NA,NA,NA
1267,2016,BDF-10205,NA,8/7/16,8/16/16,472,7638,NA,NA,NA,NA,NA
1268,2016,FKU-11358,NA,8/8/16,8/19/16,7050,NA,NA,2,NA,NA,NA
1269,2016,INF-1457,NA,8/9/16,8/17/16,NA,369,369,NA,NA,NA,NA
1270,2016,SLU-8948,NA,8/13/16,9/7/16,44439,1796,NA,70,8,NA,NA
1271,2016,LNU-7582,NA,8/13/16,9/3/16,3929,NA,NA,300,28,NA,NA
1272,2016,SQF-2595,NA,8/16/16,9/24/16,NA,29322,NA,6,NA,NA,NA
1273,2016,BDF-10468,NA,8/16/16,9/8/16,NA,36274,NA,321,8,NA,NA
1274,2016,NEU-20037,NA,8/18/16,8/19/16,282,107,389,NA,NA,NA,NA
1275,2016,LPF-2809,NA,8/18/16,9/15/16,NA,32606,NA,5,NA,NA,NA
1276,2016,STF-2257,NA,8/19/16,9/20/16,NA,655,655,NA,NA,NA,NA
1277,2016,HUU-6956,NA,8/22/16,9/9/16,599,NA,599,3,NA,NA,NA
1278,2016,SQF-2683,NA,8/22/16,8/22/16,NA,395,395,NA,NA,NA,NA
1279,2016,SKU-7392,NA,8/24/16,9/10/16,710,NA,710,10,1,NA,NA
1280,2016,KRN-32226,NA,8/26/16,8/31/16,600,NA,600,NA,NA,NA,NA
1281,2016,KNF-7501,NA,8/27/16,9/16/16,NA,33867,NA,14,NA,NA,NA
1282,2016,KRN-32375,NA,8/27/16,8/31/16,304,NA,304,NA,NA,NA,NA
1283,2016,TCU-9339,NA,8/28/16,9/4/16,450,NA,450,NA,1,NA,NA
1284,2016,RRU-105125,NA,8/30/16,9/5/16,1470,NA,NA,1,NA,NA,NA
1285,2016,BTU-13655,NA,9/5/16,9/22/16,800,NA,800,3,NA,NA,NA
1286,2016,LMU-4700,NA,9/11/16,9/15/16,380,NA,380,NA,NA,NA,NA
1287,2016,LMU-4695,NA,9/11/16,10/12/16,2575,NA,NA,7,NA,NA,NA
1288,2016,TGU-8080,NA,9/13/16,9/13/16,NA,321,321,NA,NA,NA,NA
1289,2016,SNF-2154,NA,9/15/16,10/31/16,NA,800,800,NA,NA,NA,NA
1290,2016,AFV-3151,NA,9/17/16,9/24/16,NA,12742,NA,NA,NA,1,NA
1291,2016,MDF-910,NA,9/17/16,10/31/16,NA,2722,NA,NA,NA,NA,NA
1292,2016,INF-1763,NA,9/17/16,10/15/16,NA,5443,NA,4,NA,NA,NA
1293,2016,KRN-35570,NA,9/19/16,9/22/16,307,NA,307,NA,NA,NA,NA
1294,2016,LNU-9129,NA,9/25/16,10/1/16,1547,NA,NA,NA,NA,NA,NA
1295,2016,TCU-10403,NA,9/26/16,10/4/16,1080,NA,NA,NA,NA,NA,NA
1296,2016,SCU-6912,NA,9/26/16,11/8/16,4474,NA,NA,28,1,NA,NA
1297,2016,SQF-3261,NA,10/4/16,11/5/16,NA,2160,NA,NA,NA,NA,NA
1298,2016,SNF-2370,NA,10/11/16,10/19/16,NA,2100,NA,NA,NA,NA,NA
1299,2016,SQF-3384,NA,10/20/16,11/1/16,NA,1702,NA,NA,NA,NA,NA
1300,2016,SQF-3456,NA,10/29/16,11/22/16,NA,4347,NA,NA,NA,NA,NA
1301,2016,SQF-3464,NA,11/2/16,11/23/16,NA,2768,NA,NA,NA,NA,NA